Timestamp,Market Condition,Volatility,Fast Changes
2025-02-27 01:34:35,SLOW,0.0631,0
2025-02-27 01:37:36,SLOW,0.0488,0
2025-02-27 01:40:36,SLOW,0.0237,0
2025-02-27 01:43:37,SLOW,0.0228,0
2025-02-27 01:46:37,SLOW,0.0289,0
2025-02-27 01:49:38,SLOW,0.0133,0
2025-02-27 01:52:38,SLOW,0.0071,0
2025-02-27 01:55:39,SLOW,0.0493,0
2025-02-27 01:58:39,SLOW,0.0545,0
2025-02-27 02:01:40,SLOW,0.0764,0
2025-02-27 02:04:40,SLOW,0.0712,0
2025-02-27 02:07:41,SLOW,0.0907,0
2025-02-27 02:10:41,SLOW,0.0907,0
2025-02-27 02:13:42,SLOW,0.152,0
2025-02-27 02:16:42,SLOW,0.1619,0
2025-02-27 02:19:43,SLOW,0.1038,0
2025-02-27 02:22:43,SLOW,0.0374,0
2025-02-27 02:25:44,SLOW,0.0133,0
2025-02-27 02:28:44,SLOW,0.0384,0
2025-02-27 02:31:44,SLOW,0.0867,0
2025-02-27 02:34:45,SLOW,0.0616,0
2025-02-27 02:37:45,SLOW,0.0346,0
2025-02-27 02:40:46,SLOW,0.0365,0
2025-02-27 02:43:46,SLOW,0.0365,0
2025-02-27 02:46:47,SLOW,0.035,0
2025-02-27 02:49:47,SLOW,0.0554,0
2025-02-27 02:52:48,SLOW,0.0284,0
2025-02-27 02:55:48,SLOW,0.0275,0
2025-02-27 02:58:49,SLOW,0.0464,0
2025-02-27 03:01:49,SLOW,0.0403,0
2025-02-27 03:04:50,SLOW,0.0483,0
2025-02-27 03:07:50,SLOW,0.0483,0
2025-02-27 03:10:51,SLOW,0.0459,0
2025-02-27 03:13:51,SLOW,0.0455,0
2025-02-27 03:16:52,SLOW,0.0213,0
2025-02-27 03:19:52,SLOW,0.0582,0
2025-02-27 03:22:53,SLOW,0.1227,0
2025-02-27 03:25:53,SLOW,0.0956,0
2025-02-27 03:28:54,SLOW,0.0407,0
2025-02-27 03:31:54,SLOW,0.0095,0
2025-02-27 03:34:55,SLOW,0.0222,0
2025-02-27 03:37:55,SLOW,0.0246,0
2025-02-27 03:40:56,SLOW,0.0374,0
2025-02-27 03:43:56,SLOW,0.0203,0
2025-02-27 03:46:57,SLOW,0.0473,0
2025-02-27 03:49:57,SLOW,0.0397,0
2025-02-27 03:52:58,SLOW,0.0222,0
2025-02-27 03:55:58,SLOW,0.0563,0
2025-02-27 03:58:59,SLOW,0.0507,0
2025-02-27 04:01:59,SLOW,0.0388,0
2025-02-27 04:05:00,SLOW,0.0388,0
2025-02-27 04:08:00,SLOW,0.0251,0
2025-02-27 04:11:01,SLOW,0.0298,0
2025-02-27 04:14:01,SLOW,0.0047,0
2025-02-27 04:17:02,SLOW,0.0047,0
2025-02-27 04:20:02,SLOW,0.0057,0
2025-02-27 04:23:03,SLOW,0.0355,0
2025-02-27 04:26:03,SLOW,0.0298,0
2025-02-27 04:29:04,SLOW,0.0237,0
2025-02-27 04:32:04,SLOW,0.0151,0
2025-02-27 04:35:05,SLOW,0.0393,0
2025-02-27 04:38:05,SLOW,0.0658,0
2025-02-27 04:41:06,SLOW,0.0719,0
2025-02-27 04:44:06,SLOW,0.0719,0
2025-02-27 04:47:07,SLOW,0.0388,0
2025-02-27 04:50:07,SLOW,0.0412,0
2025-02-27 04:53:08,SLOW,0.0341,0
2025-02-27 04:56:08,SLOW,0.0213,0
2025-02-27 04:59:09,SLOW,0.0962,0
2025-02-27 05:02:09,SLOW,0.1265,0
2025-02-27 05:05:10,SLOW,0.0303,0
2025-02-27 05:08:10,SLOW,0.0204,0
2025-02-27 05:11:11,SLOW,0.0251,0
2025-02-27 05:14:11,SLOW,0.0251,0
2025-02-27 05:17:12,SLOW,0.0104,0
2025-02-27 05:20:12,SLOW,0.0109,0
2025-02-27 05:23:12,SLOW,0.0095,0
2025-02-27 05:26:13,SLOW,0.0242,0
2025-02-27 05:29:13,SLOW,0.0242,0
2025-02-27 05:32:14,SLOW,0.0209,0
2025-02-27 05:35:14,SLOW,0.0218,0
2025-02-27 05:38:15,SLOW,0.0398,0
2025-02-27 05:41:15,SLOW,0.0322,0
2025-02-27 05:44:16,SLOW,0.0142,0
2025-02-27 05:47:16,SLOW,0.0208,0
2025-02-27 05:50:17,SLOW,0.0208,0
2025-02-27 05:53:17,SLOW,0.0308,0
2025-02-27 05:56:18,SLOW,0.0441,0
2025-02-27 05:59:18,SLOW,0.0441,0
2025-02-27 06:02:19,SLOW,0.0137,0
2025-02-27 06:05:19,SLOW,0.0545,0
2025-02-27 06:08:20,SLOW,0.0928,0
2025-02-27 06:11:20,SLOW,0.0611,0
2025-02-27 06:14:21,SLOW,0.0454,0
2025-02-27 06:17:21,SLOW,0.0771,0
2025-02-27 06:20:22,SLOW,0.0705,0
2025-02-27 06:23:22,SLOW,0.0766,0
2025-02-27 06:26:23,SLOW,0.1016,0
2025-02-27 06:29:23,SLOW,0.0411,0
2025-02-27 06:32:24,SLOW,0.0307,0
2025-02-27 06:35:24,SLOW,0.0132,0
2025-02-27 06:38:25,SLOW,0.0094,0
2025-02-27 06:41:25,SLOW,0.1016,0
2025-02-27 06:44:26,SLOW,0.1389,0
2025-02-27 06:47:26,SLOW,0.059,0
2025-02-27 06:50:27,SLOW,0.0189,0
2025-02-27 06:53:27,SLOW,0.0175,0
2025-02-27 06:56:28,SLOW,0.0618,0
2025-02-27 06:59:28,SLOW,0.0618,0
2025-02-27 07:02:29,SLOW,0.0548,0
2025-02-27 07:05:29,SLOW,0.0566,0
2025-02-27 07:08:30,SLOW,0.0071,0
2025-02-27 07:11:30,SLOW,0.0071,0
2025-02-27 07:14:31,SLOW,0.0184,0
2025-02-27 07:17:31,SLOW,0.075,0
2025-02-27 07:20:32,SLOW,0.0632,0
2025-02-27 07:23:32,SLOW,0.0622,0
2025-02-27 07:26:33,SLOW,0.0891,0
2025-02-27 07:29:33,SLOW,0.0269,0
2025-02-27 07:32:33,SLOW,0.0009,0
2025-02-27 07:35:34,SLOW,0.0754,0
2025-02-27 07:38:34,SLOW,0.0754,0
2025-02-27 07:41:35,SLOW,0.0382,0
2025-02-27 07:44:35,SLOW,0.0127,0
2025-02-27 07:47:36,SLOW,0.033,0
2025-02-27 07:50:37,SLOW,0.0203,0
2025-02-27 07:53:37,SLOW,0.0415,0
2025-02-27 07:56:38,SLOW,0.0226,0
2025-02-27 07:59:38,SLOW,0.0287,0
2025-02-27 08:02:38,SLOW,0.0104,0
2025-02-27 08:05:39,SLOW,0.0047,0
2025-02-27 08:08:39,SLOW,0.0306,0
2025-02-27 08:11:40,SLOW,0.0471,0
2025-02-27 08:14:40,SLOW,0.0688,0
2025-02-27 08:17:41,SLOW,0.1371,1
2025-02-27 08:20:41,SLOW,0.139,1
2025-02-27 08:23:42,SLOW,0.0268,0
2025-02-27 08:26:42,SLOW,0.0249,0
2025-02-27 08:29:43,SLOW,0.0118,0
2025-02-27 08:32:43,SLOW,0.0108,0
2025-02-27 08:35:44,SLOW,0.0522,0
2025-02-27 08:38:44,SLOW,0.0499,0
2025-02-27 08:41:45,SLOW,0.024,0
2025-02-27 08:44:45,SLOW,0.0447,0
2025-02-27 08:47:46,SLOW,0.0207,0
2025-02-27 08:50:46,SLOW,0.0598,0
2025-02-27 08:53:47,SLOW,0.0598,0
2025-02-27 08:56:47,SLOW,0.0428,0
2025-02-27 08:59:48,SLOW,0.1036,0
2025-02-27 09:02:48,SLOW,0.1755,1
2025-02-27 09:05:49,SLOW,0.1146,1
2025-02-27 09:08:49,SLOW,0.0641,0
2025-02-27 09:11:50,SLOW,0.0373,0
2025-02-27 09:14:50,SLOW,0.0594,0
2025-02-27 09:17:51,SLOW,0.0288,0
2025-02-27 09:20:51,SLOW,0.0354,0
2025-02-27 09:23:52,SLOW,0.1557,1
2025-02-27 09:26:52,SLOW,0.1202,1
2025-02-27 09:29:53,SLOW,0.0589,0
2025-02-27 09:32:53,SLOW,0.0514,0
2025-02-27 09:35:54,SLOW,0.0994,0
2025-02-27 09:38:54,SLOW,0.0843,0
2025-02-27 09:41:55,SLOW,0.0631,0
2025-02-27 09:44:55,SLOW,0.0372,0
2025-02-27 09:47:56,SLOW,0.032,0
2025-02-27 09:50:56,SLOW,0.0376,0
2025-02-27 09:53:57,SLOW,0.0268,0
2025-02-27 09:56:57,SLOW,0.0428,0
2025-02-27 09:59:58,SLOW,0.0621,0
2025-02-27 10:02:58,SLOW,0.0343,0
2025-02-27 10:05:59,SLOW,0.0588,0
2025-02-27 10:08:59,SLOW,0.032,0
2025-02-27 10:12:00,SLOW,0.0075,0
2025-02-27 10:15:00,SLOW,0.0433,0
2025-02-27 10:18:00,SLOW,0.0433,0
2025-02-27 10:21:01,SLOW,0.0235,0
2025-02-27 10:24:01,SLOW,0.073,0
2025-02-27 10:27:02,SLOW,0.1054,0
2025-02-27 10:30:03,SLOW,0.0804,0
2025-02-27 10:33:03,SLOW,0.0249,0
2025-02-27 10:36:04,SLOW,0.0611,0
2025-02-27 10:39:04,SLOW,0.0376,0
2025-02-27 10:42:05,SLOW,0.0301,0
2025-02-27 10:45:05,SLOW,0.0221,0
2025-02-27 10:48:05,SLOW,0.0193,0
2025-02-27 10:51:06,SLOW,0.0555,0
2025-02-27 10:54:06,SLOW,0.0451,0
2025-02-27 10:57:07,SLOW,0.0508,0
2025-02-27 11:00:07,SLOW,0.0235,0
2025-02-27 11:03:08,SLOW,0.0329,0
2025-02-27 11:06:08,SLOW,0.0433,0
2025-02-27 11:09:09,SLOW,0.0348,0
2025-02-27 11:12:09,SLOW,0.0494,0
2025-02-27 11:15:10,SLOW,0.0494,0
2025-02-27 11:18:10,SLOW,0.0254,0
2025-02-27 11:21:11,SLOW,0.0254,0
2025-02-27 11:24:11,SLOW,0.0668,0
2025-02-27 11:27:12,SLOW,0.0668,0
2025-02-27 11:30:12,SLOW,0.0833,0
2025-02-27 11:33:13,SLOW,0.0541,0
2025-02-27 11:36:13,SLOW,0.0207,0
2025-02-27 11:39:14,SLOW,0.0325,0
2025-02-27 11:42:14,SLOW,0.0118,0
2025-02-27 11:45:15,SLOW,0.024,0
2025-02-27 11:48:15,SLOW,0.0212,0
2025-02-27 11:51:15,SLOW,0.0249,0
2025-02-27 11:54:16,SLOW,0.0047,0
2025-02-27 11:57:16,SLOW,0.0033,0
2025-02-27 12:00:17,SLOW,0.0085,0
2025-02-27 12:03:17,SLOW,0.0155,0
2025-02-27 12:06:18,SLOW,0.0743,0
2025-02-27 12:09:18,SLOW,0.0743,0
2025-02-27 12:12:19,SLOW,0.0258,0
2025-02-27 12:15:19,SLOW,0.0258,0
2025-02-27 12:18:20,SLOW,0.0531,0
2025-02-27 12:21:20,SLOW,0.0531,0
2025-02-27 12:24:21,SLOW,0.0371,0
2025-02-27 12:27:21,SLOW,0.0423,0
2025-02-27 12:30:22,SLOW,0.0235,0
2025-02-27 12:33:22,SLOW,0.0301,0
2025-02-27 12:36:23,SLOW,0.0423,0
2025-02-27 12:39:23,SLOW,0.0151,0
2025-02-27 12:42:24,SLOW,0.0376,0
2025-02-27 12:45:24,SLOW,0.0282,0
2025-02-27 12:48:25,SLOW,0.0602,0
2025-02-27 12:51:25,SLOW,0.0545,0
2025-02-27 12:54:26,SLOW,0.0179,0
2025-02-27 12:57:26,SLOW,0.0165,0
2025-02-27 13:00:27,SLOW,0.0508,0
2025-02-27 13:03:27,SLOW,0.0451,0
2025-02-27 13:06:28,SLOW,0.0615,0
2025-02-27 13:09:28,SLOW,0.085,0
2025-02-27 13:12:29,SLOW,0.0263,0
2025-02-27 13:15:29,SLOW,0.0263,0
2025-02-27 13:18:29,SLOW,0.0023,0
2025-02-27 13:21:30,SLOW,0.0723,0
2025-02-27 13:24:30,SLOW,0.0756,0
2025-02-27 13:27:31,SLOW,0.0202,0
2025-02-27 13:30:31,SLOW,0.0202,0
2025-02-27 13:33:32,SLOW,0.0103,0
2025-02-27 13:36:32,SLOW,0.0235,0
2025-02-27 13:39:33,SLOW,0.0671,0
2025-02-27 13:42:33,SLOW,0.0671,0
2025-02-27 13:45:34,SLOW,0.0582,0
2025-02-27 13:48:34,SLOW,0.0512,0
2025-02-27 13:51:35,SLOW,0.0817,0
2025-02-27 13:54:35,SLOW,0.085,0
2025-02-27 13:57:36,SLOW,0.0352,0
2025-02-27 14:00:36,SLOW,0.0047,0
2025-02-27 14:03:37,SLOW,0.0117,0
2025-02-27 14:06:37,SLOW,0.0169,0
2025-02-27 14:09:38,SLOW,0.0352,0
2025-02-27 14:12:38,SLOW,0.0258,0
2025-02-27 14:15:39,SLOW,0.0164,0
2025-02-27 14:18:39,SLOW,0.0451,0
2025-02-27 14:21:40,SLOW,0.0512,0
2025-02-27 14:24:40,SLOW,0.0671,0
2025-02-27 14:27:41,SLOW,0.07,0
2025-02-27 14:30:41,SLOW,0.1034,1
2025-02-27 14:33:42,SLOW,0.1006,1
2025-02-27 14:36:42,SLOW,0.1039,1
2025-02-27 14:39:42,SLOW,0.1463,2
2025-02-27 14:42:43,SLOW,0.1994,1
2025-02-27 14:45:43,SLOW,0.0531,0
2025-02-27 14:48:44,NORMAL,0.2432,1
2025-02-27 14:51:44,NORMAL,0.3447,2
2025-02-27 14:54:45,SLOW,0.1711,1
2025-02-27 14:57:46,SLOW,0.1942,1
2025-02-27 15:00:46,SLOW,0.1942,1
2025-02-27 15:03:47,SLOW,0.0922,0
2025-02-27 15:06:47,SLOW,0.0969,0
2025-02-27 15:09:47,SLOW,0.1091,1
2025-02-27 15:12:48,SLOW,0.1043,1
2025-02-27 15:15:48,SLOW,0.0108,0
2025-02-27 15:18:49,SLOW,0.0131,0
2025-02-27 15:21:49,SLOW,0.0385,0
2025-02-27 15:24:50,SLOW,0.0489,0
2025-02-27 15:27:50,SLOW,0.0611,0
2025-02-27 15:30:51,SLOW,0.0611,0
2025-02-27 15:33:51,SLOW,0.0817,0
2025-02-27 15:36:52,SLOW,0.1057,0
2025-02-27 15:39:52,NORMAL,0.3017,1
2025-02-27 15:42:53,NORMAL,0.7069,2
2025-02-27 17:00:53,SLOW,0.1154,1
2025-02-27 17:03:53,SLOW,0.1445,2
2025-02-27 17:06:54,SLOW,0.1445,1
2025-02-27 17:09:54,SLOW,0.0997,0
2025-02-27 17:12:55,NORMAL,0.2406,1
2025-02-27 17:15:55,NORMAL,0.3869,2
2025-02-27 17:18:56,NORMAL,0.2876,2
2025-02-27 17:21:56,SLOW,0.1253,1
2025-02-27 17:24:56,SLOW,0.1277,0
2025-02-27 17:27:57,NORMAL,0.3269,1
2025-02-27 17:30:57,NORMAL,0.2508,1
2025-02-27 17:33:58,SLOW,0.0414,0
2025-02-27 17:36:58,SLOW,0.029,0
2025-02-27 17:39:59,SLOW,0.0247,0
2025-02-27 17:42:59,SLOW,0.0695,0
2025-02-27 17:46:00,SLOW,0.0528,0
2025-02-27 17:49:00,SLOW,0.04,0
2025-02-27 17:52:01,SLOW,0.1941,1
2025-02-27 17:55:01,SLOW,0.1856,1
2025-02-27 17:58:02,SLOW,0.0491,0
2025-02-27 18:01:02,SLOW,0.0797,0
2025-02-27 18:04:03,SLOW,0.0983,0
2025-02-27 18:07:03,SLOW,0.1103,1
2025-02-27 18:10:04,SLOW,0.1103,1
2025-02-27 18:13:04,SLOW,0.0602,0
2025-02-27 18:16:05,SLOW,0.064,0
2025-02-27 18:19:05,SLOW,0.1558,0
2025-02-27 18:22:06,SLOW,0.0918,0
2025-02-27 18:25:06,SLOW,0.1243,0
2025-02-27 18:28:07,SLOW,0.1815,1
2025-02-27 18:31:07,NORMAL,0.2363,1
2025-02-27 20:36:29,NORMAL,0.2793,1
2025-02-27 20:39:30,SLOW,0.0886,0
2025-02-27 20:42:30,SLOW,0.1421,1
2025-02-27 20:45:31,SLOW,0.1397,2
2025-02-27 20:48:31,SLOW,0.1161,1
2025-02-27 20:51:32,SLOW,0.0159,0
2025-02-27 20:54:32,SLOW,0.0568,0
2025-02-27 20:57:32,SLOW,0.0534,0
2025-02-27 21:00:33,SLOW,0.1479,1
2025-02-27 21:03:33,NORMAL,0.4034,2
2025-02-27 21:06:34,NORMAL,0.2971,1
2025-02-27 21:09:34,SLOW,0.0464,0
2025-02-27 21:12:35,SLOW,0.0459,0
2025-02-27 21:15:35,SLOW,0.1113,1
2025-02-27 21:18:36,SLOW,0.1781,1
2025-02-27 21:21:36,SLOW,0.0668,0
2025-02-27 21:24:37,SLOW,0.0871,0
2025-02-27 21:27:37,SLOW,0.0939,0
2025-02-27 21:30:38,SLOW,0.0944,0
2025-02-27 21:33:38,SLOW,0.1031,0
2025-02-27 21:36:39,SLOW,0.0111,0
2025-02-27 21:39:39,SLOW,0.109,1
2025-02-27 21:42:40,NORMAL,0.209,2
2025-02-27 21:45:41,SLOW,0.1844,1
2025-02-27 21:48:42,SLOW,0.082,0
2025-02-27 21:51:42,NORMAL,0.2029,1
2025-02-27 21:54:43,NORMAL,0.2744,2
2025-02-27 21:57:43,NORMAL,0.4559,2
2025-02-27 22:00:45,NORMAL,0.2859,2
2025-02-27 22:03:47,SLOW,0.1047,1
2025-02-27 22:06:47,SLOW,0.0994,0
2025-02-27 22:09:48,SLOW,0.0696,0
2025-02-27 22:12:48,SLOW,0.0492,0
2025-02-27 22:15:47,SLOW,0.0497,0
2025-02-27 22:18:48,SLOW,0.1304,0
2025-02-27 22:21:48,SLOW,0.0988,0
2025-02-27 22:24:49,SLOW,0.0403,0
2025-02-27 22:27:49,SLOW,0.0452,0
2025-02-27 22:30:50,SLOW,0.0131,0
2025-02-27 22:33:50,SLOW,0.0131,0
2025-02-27 22:36:51,SLOW,0.0136,0
2025-02-27 22:39:51,SLOW,0.0078,0
2025-02-27 22:42:52,SLOW,0.0282,0
2025-02-27 22:45:52,SLOW,0.0685,0
2025-02-27 22:48:53,SLOW,0.0403,0
2025-02-28 01:27:00,SLOW,0.1039,0
2025-02-28 01:30:00,SLOW,0.0675,0
2025-02-28 01:33:01,SLOW,0.017,0
2025-02-28 01:36:01,SLOW,0.001,0
2025-02-28 01:39:02,SLOW,0.0277,0
2025-02-28 01:42:02,SLOW,0.0461,0
2025-02-28 01:45:03,SLOW,0.0933,0
2025-02-28 01:48:03,SLOW,0.0471,0
2025-02-28 01:51:04,SLOW,0.0049,0
2025-02-28 01:54:04,SLOW,0.0442,0
2025-02-28 01:57:05,SLOW,0.0394,0
2025-02-28 02:00:05,SLOW,0.0793,0
2025-02-28 02:03:06,SLOW,0.0793,0
2025-02-28 02:06:06,SLOW,0.0851,0
2025-02-28 03:23:29,SLOW,0.0233,0
2025-02-28 03:26:29,SLOW,0.0408,0
2025-02-28 03:29:30,SLOW,0.0545,0
2025-02-28 03:32:30,SLOW,0.0433,0
2025-02-28 03:35:31,SLOW,0.0233,0
2025-02-28 03:38:31,SLOW,0.089,0
2025-02-28 03:41:31,SLOW,0.1523,0
2025-02-28 03:44:32,SLOW,0.1193,0
2025-02-28 03:47:32,SLOW,0.0687,0
2025-02-28 03:50:33,SLOW,0.0599,0
2025-02-28 03:53:33,SLOW,0.0326,0
2025-02-28 03:56:34,SLOW,0.0477,0
2025-02-28 03:59:34,SLOW,0.0175,0
2025-02-28 04:02:35,SLOW,0.0404,0
2025-02-28 04:05:35,SLOW,0.057,0
2025-02-28 04:08:36,SLOW,0.057,0
2025-02-28 04:11:36,SLOW,0.0419,0
2025-02-28 04:14:37,SLOW,0.0785,0
2025-02-28 04:17:37,SLOW,0.1683,0
2025-02-28 04:20:37,SLOW,0.0946,0
2025-02-28 04:23:38,SLOW,0.0327,0
2025-02-28 04:26:38,SLOW,0.0883,0
2025-02-28 04:29:39,SLOW,0.0883,0
2025-02-28 04:32:39,SLOW,0.0732,0
2025-02-28 04:35:40,SLOW,0.1074,0
2025-02-28 04:38:40,SLOW,0.0869,0
2025-02-28 04:41:41,SLOW,0.0723,0
2025-02-28 04:44:41,SLOW,0.0728,0
2025-02-28 04:47:41,SLOW,0.0054,0
2025-02-28 04:50:42,SLOW,0.0459,0
2025-02-28 04:53:42,SLOW,0.1245,1
2025-02-28 04:56:43,SLOW,0.1245,1
2025-02-28 04:59:43,SLOW,0.0634,0
2025-02-28 05:02:44,SLOW,0.0434,0
2025-02-28 05:05:44,SLOW,0.0254,0
2025-02-28 05:08:45,SLOW,0.1024,1
2025-02-28 05:11:45,SLOW,0.1024,1
2025-02-28 05:14:46,SLOW,0.0922,0
2025-02-28 05:17:46,SLOW,0.041,0
2025-02-28 05:20:46,SLOW,0.08,0
2025-02-28 05:23:47,SLOW,0.1438,1
2025-02-28 05:26:47,SLOW,0.1418,1
2025-02-28 05:29:48,SLOW,0.0613,0
2025-02-28 05:32:48,SLOW,0.0706,0
2025-02-28 05:35:49,SLOW,0.0462,0
2025-02-28 05:38:49,SLOW,0.0224,0
2025-02-28 05:41:50,SLOW,0.0049,0
2025-02-28 05:44:50,SLOW,0.0564,0
2025-02-28 05:47:51,SLOW,0.1192,0
2025-02-28 05:50:51,SLOW,0.0651,0
2025-02-28 05:53:51,SLOW,0.053,0
2025-02-28 05:56:52,SLOW,0.0136,0
2025-02-28 05:59:52,SLOW,0.054,0
2025-02-28 06:02:53,SLOW,0.0535,0
2025-02-28 06:05:53,SLOW,0.0875,0
2025-02-28 06:08:54,SLOW,0.0598,0
2025-02-28 06:11:54,SLOW,0.0258,0
2025-02-28 06:14:55,SLOW,0.018,0
2025-02-28 06:17:55,SLOW,0.016,0
2025-02-28 06:20:55,SLOW,0.0277,0
2025-02-28 06:23:56,SLOW,0.0228,0
2025-02-28 06:26:56,SLOW,0.0617,0
2025-02-28 06:29:57,SLOW,0.0617,0
2025-02-28 06:32:57,SLOW,0.0122,0
2025-02-28 06:35:58,SLOW,0.0175,0
2025-02-28 06:38:58,SLOW,0.037,0
2025-02-28 06:41:59,SLOW,0.037,0
2025-02-28 06:44:59,SLOW,0.0608,0
2025-02-28 06:48:00,SLOW,0.0608,0
2025-02-28 06:51:00,SLOW,0.0248,0
2025-02-28 06:54:00,SLOW,0.0141,0
2025-02-28 06:57:01,SLOW,0.0262,0
2025-02-28 07:00:01,SLOW,0.0321,0
2025-02-28 07:03:02,SLOW,0.0394,0
2025-02-28 07:06:02,SLOW,0.0297,0
2025-02-28 07:09:03,SLOW,0.0297,0
2025-02-28 07:12:03,SLOW,0.0428,0
2025-02-28 07:15:04,SLOW,0.0413,0
2025-02-28 07:18:04,SLOW,0.0934,0
2025-02-28 07:21:04,SLOW,0.0632,0
2025-02-28 07:24:05,SLOW,0.0165,0
2025-02-28 07:27:05,SLOW,0.0165,0
2025-02-28 07:30:06,SLOW,0.0267,0
2025-02-28 07:33:06,SLOW,0.0729,0
2025-02-28 07:36:07,SLOW,0.0627,0
2025-02-28 07:39:07,SLOW,0.0219,0
2025-02-28 07:42:08,SLOW,0.0263,0
2025-02-28 07:45:08,SLOW,0.0195,0
2025-02-28 07:48:09,SLOW,0.0088,0
2025-02-28 07:51:09,SLOW,0.0078,0
2025-02-28 07:54:10,SLOW,0.0676,0
2025-02-28 07:57:10,SLOW,0.0993,0
2025-02-28 08:00:10,SLOW,0.0316,0
2025-02-28 08:03:11,SLOW,0.0263,0
2025-02-28 08:06:11,SLOW,0.0195,0
2025-02-28 08:09:12,SLOW,0.0448,0
2025-02-28 08:12:12,SLOW,0.0448,0
2025-02-28 08:15:13,SLOW,0.073,0
2025-02-28 08:18:13,SLOW,0.0604,0
2025-02-28 08:21:14,SLOW,0.0312,0
2025-02-28 08:24:14,SLOW,0.0794,0
2025-02-28 08:27:15,SLOW,0.0794,0
2025-02-28 08:30:15,SLOW,0.0365,0
2025-02-28 08:33:15,SLOW,0.0365,0
2025-02-28 08:36:16,SLOW,0.0068,0
2025-02-28 08:39:16,SLOW,0.0326,0
2025-02-28 08:42:17,SLOW,0.1432,1
2025-02-28 08:45:17,SLOW,0.1451,1
2025-02-28 08:48:18,SLOW,0.0316,0
2025-02-28 08:51:18,SLOW,0.0365,0
2025-02-28 08:54:19,SLOW,0.0365,0
2025-02-28 08:57:19,SLOW,0.0365,0
2025-02-28 09:00:20,SLOW,0.0365,0
2025-02-28 09:03:20,SLOW,0.0399,0
2025-02-28 09:06:20,SLOW,0.0399,0
2025-02-28 09:09:21,SLOW,0.0243,0
2025-02-28 09:12:21,SLOW,0.0321,0
2025-02-28 09:15:22,SLOW,0.0656,0
2025-02-28 09:18:22,SLOW,0.0778,0
2025-02-28 09:21:23,SLOW,0.1585,0
2025-02-28 09:24:23,SLOW,0.1166,0
2025-02-28 09:27:24,SLOW,0.0393,0
2025-02-28 09:30:24,SLOW,0.0369,0
2025-02-28 09:33:25,SLOW,0.0709,0
2025-02-28 09:36:25,SLOW,0.1316,0
2025-02-28 09:39:26,SLOW,0.0606,0
2025-02-28 09:42:26,SLOW,0.0621,0
2025-02-28 09:45:26,SLOW,0.0568,0
2025-02-28 09:48:27,SLOW,0.0519,0
2025-02-28 11:06:16,SLOW,0.0651,0
2025-02-28 11:09:16,SLOW,0.0437,0
2025-02-28 11:12:17,SLOW,0.0248,0
2025-02-28 11:15:17,SLOW,0.0651,0
2025-02-28 11:18:18,SLOW,0.066,0
2025-02-28 11:21:18,SLOW,0.066,0
2025-02-28 11:24:19,SLOW,0.015,0
2025-02-28 11:27:19,SLOW,0.0826,0
2025-02-28 11:30:20,SLOW,0.0826,0
2025-02-28 11:33:20,SLOW,0.049,0
2025-02-28 11:36:21,SLOW,0.067,0
2025-02-28 11:39:21,SLOW,0.0621,0
2025-02-28 11:42:22,SLOW,0.0136,0
2025-02-28 11:45:22,SLOW,0.0136,0
2025-02-28 11:48:23,SLOW,0.0238,0
2025-02-28 11:51:23,SLOW,0.0233,0
2025-02-28 11:54:24,SLOW,0.0233,0
2025-02-28 11:57:24,SLOW,0.0786,0
2025-02-28 12:00:24,SLOW,0.0553,0
2025-02-28 12:03:25,SLOW,0.0369,0
2025-02-28 12:06:25,SLOW,0.017,0
2025-02-28 12:09:26,SLOW,0.018,0
2025-02-28 12:12:26,SLOW,0.018,0
2025-02-28 12:15:27,SLOW,0.017,0
2025-02-28 12:18:27,SLOW,0.0277,0
2025-02-28 12:21:28,SLOW,0.0291,0
2025-02-28 12:24:28,SLOW,0.0291,0
2025-02-28 12:27:29,SLOW,0.0238,0
2025-02-28 12:30:29,SLOW,0.0238,0
2025-02-28 12:33:30,SLOW,0.0879,0
2025-02-28 12:36:30,SLOW,0.0728,0
2025-02-28 12:39:31,SLOW,0.0388,0
2025-02-28 12:42:31,SLOW,0.0655,0
2025-02-28 12:45:32,SLOW,0.0437,0
2025-02-28 12:48:32,SLOW,0.0383,0
2025-02-28 12:51:33,SLOW,0.0451,0
2025-02-28 12:54:33,SLOW,0.0175,0
2025-02-28 12:57:34,SLOW,0.0102,0
2025-02-28 13:00:34,SLOW,0.0306,0
2025-02-28 13:03:35,SLOW,0.1507,1
2025-02-28 13:06:35,NORMAL,0.2072,1
2025-02-28 13:09:36,SLOW,0.0871,0
2025-02-28 13:12:36,SLOW,0.0287,0
2025-02-28 13:15:37,SLOW,0.0209,0
2025-02-28 13:18:37,SLOW,0.0875,0
2025-02-28 13:21:37,SLOW,0.0875,0
2025-02-28 13:24:38,SLOW,0.0258,0
2025-02-28 13:27:38,SLOW,0.0476,0
2025-02-28 13:30:39,SLOW,0.1021,0
2025-02-28 13:33:39,SLOW,0.0545,0
2025-02-28 13:36:40,SLOW,0.0861,0
2025-02-28 13:39:40,SLOW,0.15,0
2025-02-28 13:42:41,SLOW,0.0638,0
2025-02-28 13:45:41,SLOW,0.0511,0
2025-02-28 13:48:42,SLOW,0.0657,0
2025-02-28 13:51:42,SLOW,0.0998,0
2025-02-28 13:54:43,SLOW,0.0657,0
2025-02-28 13:57:43,SLOW,0.0666,0
2025-02-28 14:00:44,SLOW,0.0666,0
2025-02-28 14:03:44,SLOW,0.0389,0
2025-02-28 14:06:45,SLOW,0.0389,0
2025-02-28 14:09:45,SLOW,0.0885,0
2025-02-28 14:12:46,SLOW,0.1236,0
2025-02-28 14:15:46,SLOW,0.0555,0
2025-02-28 14:18:46,SLOW,0.0653,0
2025-02-28 14:21:47,SLOW,0.0653,0
2025-02-28 14:24:48,SLOW,0.0463,0
2025-02-28 14:27:48,SLOW,0.1628,1
2025-02-28 14:30:49,NORMAL,0.3403,2
2025-02-28 14:33:49,NORMAL,0.3842,1
2025-02-28 14:36:49,SLOW,0.1137,0
2025-02-28 14:39:50,SLOW,0.1346,1
2025-02-28 14:42:50,SLOW,0.1346,1
2025-02-28 14:45:51,SLOW,0.0681,0
2025-02-28 14:48:51,SLOW,0.0681,0
2025-02-28 14:51:52,SLOW,0.0525,0
2025-02-28 14:54:52,SLOW,0.1401,0
2025-02-28 14:57:53,SLOW,0.091,0
2025-02-28 15:00:53,SLOW,0.0501,0
2025-02-28 15:03:54,SLOW,0.0891,0
2025-02-28 15:06:54,SLOW,0.0959,0
2025-02-28 15:09:54,SLOW,0.1051,0
2025-02-28 15:12:55,SLOW,0.0915,0
2025-02-28 15:15:55,SLOW,0.1046,1
2025-02-28 15:18:56,SLOW,0.1046,1
2025-02-28 15:21:56,SLOW,0.0813,0
2025-02-28 15:24:57,SLOW,0.1168,0
2025-02-28 15:27:57,SLOW,0.172,1
2025-02-28 15:30:58,SLOW,0.1897,1
2025-02-28 15:33:58,NORMAL,0.3718,1
2025-02-28 15:36:59,NORMAL,0.454,2
2025-02-28 15:39:59,NORMAL,0.454,1
2025-02-28 15:42:59,SLOW,0.0365,0
2025-02-28 15:46:00,SLOW,0.0473,0
2025-02-28 15:49:00,SLOW,0.1832,1
2025-02-28 15:52:01,SLOW,0.15,1
2025-02-28 15:55:01,SLOW,0.1378,1
2025-02-28 15:58:02,NORMAL,0.3464,2
2025-02-28 16:01:02,NORMAL,0.3937,2
2025-02-28 16:04:03,NORMAL,0.3937,2
2025-02-28 16:07:03,NORMAL,0.3193,2
2025-02-28 16:10:04,NORMAL,0.3252,1
2025-02-28 16:13:04,SLOW,0.1566,0
2025-02-28 16:16:05,SLOW,0.14,0
2025-02-28 16:19:05,SLOW,0.0651,0
2025-02-28 16:22:06,SLOW,0.0199,0
2025-02-28 16:25:06,NORMAL,0.2834,1
2025-02-28 16:28:07,NORMAL,0.3577,1
2025-02-28 16:31:07,SLOW,0.1975,1
2025-02-28 16:34:08,SLOW,0.1233,1
2025-02-28 16:37:08,NORMAL,0.3013,1
2025-03-03 01:34:28,SLOW,0.0841,0
2025-03-03 01:37:28,SLOW,0.1606,1
2025-03-03 01:40:29,SLOW,0.1606,2
2025-03-03 01:43:29,SLOW,0.1971,1
2025-03-03 01:46:30,SLOW,0.072,0
2025-03-03 01:49:30,SLOW,0.0518,0
2025-03-03 01:52:31,SLOW,0.0321,0
2025-03-03 01:55:31,SLOW,0.0696,0
2025-03-03 01:58:32,SLOW,0.0941,0
2025-03-03 02:01:32,SLOW,0.0725,0
2025-03-03 02:04:33,SLOW,0.1296,0
2025-03-03 02:07:33,SLOW,0.0758,0
2025-03-03 02:10:34,SLOW,0.0465,0
2025-03-03 02:13:34,SLOW,0.0465,0
2025-03-03 02:16:35,SLOW,0.0523,0
2025-03-03 02:19:35,SLOW,0.0614,0
2025-03-03 02:22:35,SLOW,0.0221,0
2025-03-03 02:25:36,SLOW,0.0624,0
2025-03-03 02:28:36,SLOW,0.1008,0
2025-03-03 02:31:37,SLOW,0.0604,0
2025-03-03 02:34:37,SLOW,0.0374,0
2025-03-03 02:37:38,SLOW,0.0648,0
2025-03-03 02:40:38,SLOW,0.0427,0
2025-03-03 02:43:39,SLOW,0.0446,0
2025-03-03 02:46:39,SLOW,0.0897,0
2025-03-03 02:49:40,SLOW,0.1612,0
2025-03-03 02:52:40,SLOW,0.0853,0
2025-03-03 02:55:41,SLOW,0.0699,0
2025-03-03 02:58:41,SLOW,0.0968,0
2025-03-03 03:01:42,SLOW,0.0407,0
2025-03-03 03:04:42,SLOW,0.0072,0
2025-03-03 03:07:43,SLOW,0.0546,0
2025-03-03 03:10:43,SLOW,0.0641,0
2025-03-03 03:13:44,SLOW,0.0656,0
2025-03-03 03:16:44,SLOW,0.0067,0
2025-03-03 03:19:45,SLOW,0.0067,0
2025-03-03 03:22:45,SLOW,0.0153,0
2025-03-03 03:25:45,SLOW,0.0388,0
2025-03-03 03:28:46,SLOW,0.0287,0
2025-03-03 03:31:46,SLOW,0.0666,0
2025-03-03 03:34:47,SLOW,0.0613,0
2025-03-03 03:37:47,SLOW,0.0733,0
2025-03-03 03:40:48,SLOW,0.0311,0
2025-03-03 03:43:48,SLOW,0.0038,0
2025-03-03 03:46:49,SLOW,0.0263,0
2025-03-03 03:49:49,SLOW,0.0263,0
2025-03-03 03:52:50,SLOW,0.0541,0
2025-03-03 03:55:50,SLOW,0.0498,0
2025-03-03 03:58:51,SLOW,0.103,1
2025-03-03 04:01:51,SLOW,0.1303,1
2025-03-03 04:04:52,SLOW,0.0273,0
2025-03-03 04:07:52,SLOW,0.0638,0
2025-03-03 04:10:53,SLOW,0.0652,0
2025-03-03 04:13:53,SLOW,0.0029,0
2025-03-03 04:16:54,SLOW,0.0096,0
2025-03-03 04:19:54,SLOW,0.0393,0
2025-03-03 04:22:55,SLOW,0.0878,0
2025-03-03 04:25:55,SLOW,0.0581,0
2025-03-03 04:28:56,SLOW,0.0585,0
2025-03-03 04:31:56,SLOW,0.0413,0
2025-03-03 04:34:56,SLOW,0.0106,0
2025-03-03 04:37:57,SLOW,0.0254,0
2025-03-03 04:40:57,SLOW,0.0551,0
2025-03-03 04:43:58,SLOW,0.0403,0
2025-03-03 04:46:58,SLOW,0.0268,0
2025-03-03 04:49:59,SLOW,0.0187,0
2025-03-03 04:52:59,SLOW,0.0273,0
2025-03-03 04:56:00,SLOW,0.0297,0
2025-03-03 04:59:00,SLOW,0.0427,0
2025-03-03 05:02:01,SLOW,0.0359,0
2025-03-03 05:05:01,SLOW,0.0067,0
2025-03-03 05:08:02,SLOW,0.0273,0
2025-03-03 05:11:02,SLOW,0.0402,0
2025-03-03 05:14:02,SLOW,0.046,0
2025-03-03 05:17:03,SLOW,0.0311,0
2025-03-03 05:20:03,SLOW,0.0244,0
2025-03-03 05:23:04,SLOW,0.0244,0
2025-03-03 05:26:04,SLOW,0.0383,0
2025-03-03 05:29:05,SLOW,0.0383,0
2025-03-03 05:32:05,SLOW,0.023,0
2025-03-03 05:35:06,SLOW,0.0096,0
2025-03-03 05:38:06,SLOW,0.0163,0
2025-03-03 05:41:07,SLOW,0.0096,0
2025-03-03 05:44:07,SLOW,0.012,0
2025-03-03 05:47:08,SLOW,0.0115,0
2025-03-03 05:50:08,SLOW,0.0139,0
2025-03-03 05:53:09,SLOW,0.0139,0
2025-03-03 05:56:09,SLOW,0.0206,0
2025-03-03 05:59:09,SLOW,0.0527,0
2025-03-03 06:02:10,SLOW,0.0603,0
2025-03-03 06:05:10,SLOW,0.0325,0
2025-03-03 06:08:11,SLOW,0.0469,0
2025-03-03 06:11:11,SLOW,0.0469,0
2025-03-03 06:14:12,SLOW,0.0488,0
2025-03-03 06:17:12,SLOW,0.0335,0
2025-03-03 06:20:13,SLOW,0.0249,0
2025-03-03 06:23:13,SLOW,0.0378,0
2025-03-03 06:26:14,SLOW,0.0808,0
2025-03-03 06:29:14,SLOW,0.0808,0
2025-03-03 06:32:15,SLOW,0.0296,0
2025-03-03 06:35:15,SLOW,0.0731,0
2025-03-03 06:38:16,SLOW,0.1013,0
2025-03-03 06:41:16,SLOW,0.0282,0
2025-03-03 06:44:16,SLOW,0.0564,0
2025-03-03 06:47:17,SLOW,0.0564,0
2025-03-03 06:50:17,SLOW,0.0516,0
2025-03-03 06:53:18,SLOW,0.0282,0
2025-03-03 06:56:18,SLOW,0.0072,0
2025-03-03 06:59:19,SLOW,0.0115,0
2025-03-03 07:02:19,SLOW,0.0306,0
2025-03-03 07:05:20,SLOW,0.021,0
2025-03-03 07:08:20,SLOW,0.0598,0
2025-03-03 07:11:20,SLOW,0.0693,0
2025-03-03 07:14:21,SLOW,0.0316,0
2025-03-03 07:17:21,SLOW,0.0201,0
2025-03-03 07:20:22,SLOW,0.0172,0
2025-03-03 07:23:22,SLOW,0.022,0
2025-03-03 07:26:23,SLOW,0.0196,0
2025-03-03 07:29:23,SLOW,0.0316,0
2025-03-03 07:32:24,SLOW,0.0177,0
2025-03-03 07:35:24,SLOW,0.0177,0
2025-03-03 07:38:25,SLOW,0.0201,0
2025-03-03 07:41:25,SLOW,0.0292,0
2025-03-03 07:44:26,SLOW,0.0712,0
2025-03-03 07:47:26,SLOW,0.0602,0
2025-03-03 07:50:26,SLOW,0.043,0
2025-03-03 07:53:27,SLOW,0.1385,1
2025-03-03 07:56:27,SLOW,0.1079,1
2025-03-03 07:59:28,SLOW,0.0759,0
2025-03-03 08:02:28,SLOW,0.0554,0
2025-03-03 08:05:29,SLOW,0.1089,0
2025-03-03 08:08:29,SLOW,0.087,0
2025-03-03 08:11:30,SLOW,0.054,0
2025-03-03 08:14:30,SLOW,0.0526,0
2025-03-03 08:17:30,SLOW,0.0526,0
2025-03-03 08:20:31,SLOW,0.0378,0
2025-03-03 08:23:31,SLOW,0.1072,0
2025-03-03 08:26:32,SLOW,0.1436,0
2025-03-03 08:29:32,SLOW,0.1423,0
2025-03-03 08:32:33,SLOW,0.0963,0
2025-03-03 08:35:33,SLOW,0.161,0
2025-03-03 08:38:34,SLOW,0.0895,0
2025-03-03 08:41:34,SLOW,0.0713,0
2025-03-03 08:44:35,SLOW,0.0469,0
2025-03-03 08:47:35,SLOW,0.0062,0
2025-03-03 08:50:36,SLOW,0.0057,0
2025-03-03 08:53:36,SLOW,0.0163,0
2025-03-03 08:56:36,SLOW,0.0574,0
2025-03-03 08:59:37,SLOW,0.0665,0
2025-03-03 09:02:37,SLOW,0.0091,0
2025-03-03 09:05:38,SLOW,0.0612,0
2025-03-03 09:08:38,SLOW,0.121,0
2025-03-03 09:11:39,SLOW,0.0645,0
2025-03-03 09:14:39,SLOW,0.1057,0
2025-03-03 09:17:40,SLOW,0.087,0
2025-03-03 09:20:40,SLOW,0.1379,0
2025-03-03 09:23:41,SLOW,0.1355,0
2025-03-03 09:26:41,SLOW,0.1866,1
2025-03-03 09:29:41,SLOW,0.1487,1
2025-03-03 09:32:42,SLOW,0.0715,0
2025-03-03 09:35:42,SLOW,0.0326,0
2025-03-03 09:38:43,SLOW,0.1011,0
2025-03-03 09:41:43,SLOW,0.1236,0
2025-03-03 09:44:44,SLOW,0.1221,0
2025-03-03 09:47:44,SLOW,0.067,0
2025-03-03 09:50:45,SLOW,0.078,0
2025-03-03 09:53:45,SLOW,0.0349,0
2025-03-03 09:56:46,SLOW,0.0373,0
2025-03-03 09:59:46,SLOW,0.0541,0
2025-03-03 10:02:47,SLOW,0.0541,0
2025-03-03 10:05:47,SLOW,0.0574,0
2025-03-03 10:08:47,SLOW,0.0536,0
2025-03-03 10:11:48,SLOW,0.0536,0
2025-03-03 10:14:48,SLOW,0.0493,0
2025-03-03 10:17:49,SLOW,0.0522,0
2025-03-03 10:20:49,SLOW,0.0986,0
2025-03-03 10:23:50,SLOW,0.0646,0
2025-03-03 10:26:50,SLOW,0.0206,0
2025-03-03 10:29:51,SLOW,0.0206,0
2025-03-03 10:32:51,SLOW,0.0292,0
2025-03-03 10:35:52,SLOW,0.0621,0
2025-03-03 10:38:52,SLOW,0.033,0
2025-03-03 10:41:53,SLOW,0.0344,0
2025-03-03 10:44:53,SLOW,0.0349,0
2025-03-03 10:47:53,SLOW,0.0344,0
2025-03-03 10:50:54,SLOW,0.0501,0
2025-03-03 10:53:54,SLOW,0.0836,0
2025-03-03 10:56:55,SLOW,0.0807,0
2025-03-03 10:59:55,SLOW,0.0224,0
2025-03-03 11:02:56,SLOW,0.0429,0
2025-03-03 11:05:56,SLOW,0.0539,0
2025-03-03 11:08:57,SLOW,0.0344,0
2025-03-03 11:11:57,SLOW,0.0105,0
2025-03-03 11:14:58,SLOW,0.0363,0
2025-03-03 11:17:58,SLOW,0.0267,0
2025-03-03 11:20:59,SLOW,0.0162,0
2025-03-03 11:23:59,SLOW,0.0105,0
2025-03-03 11:27:00,SLOW,0.0459,0
2025-03-03 11:30:00,SLOW,0.0459,0
2025-03-03 11:33:00,SLOW,0.0755,0
2025-03-03 11:36:01,SLOW,0.0368,0
2025-03-03 11:39:01,SLOW,0.0396,0
2025-03-03 11:42:02,SLOW,0.0468,0
2025-03-03 11:45:02,SLOW,0.032,0
2025-03-03 11:48:03,SLOW,0.032,0
2025-03-03 11:51:03,SLOW,0.0186,0
2025-03-03 11:54:04,SLOW,0.0186,0
2025-03-03 11:57:04,SLOW,0.053,0
2025-03-03 12:00:04,SLOW,0.053,0
2025-03-03 12:03:05,SLOW,0.0415,0
2025-03-03 12:06:05,SLOW,0.0415,0
2025-03-03 12:09:06,SLOW,0.0554,0
2025-03-03 12:12:06,SLOW,0.0429,0
2025-03-03 12:15:07,SLOW,0.0573,0
2025-03-03 12:18:07,SLOW,0.0573,0
2025-03-03 12:21:08,SLOW,0.0291,0
2025-03-03 12:24:08,SLOW,0.0315,0
2025-03-03 12:27:09,SLOW,0.0315,0
2025-03-03 12:30:09,SLOW,0.0243,0
2025-03-03 12:33:10,SLOW,0.0243,0
2025-03-03 12:36:10,SLOW,0.0439,0
2025-03-03 12:39:11,SLOW,0.0353,0
2025-03-03 12:42:11,SLOW,0.0138,0
2025-03-03 12:45:12,SLOW,0.0181,0
2025-03-03 12:48:12,SLOW,0.0057,0
2025-03-03 12:51:13,SLOW,0.0353,0
2025-03-03 12:54:13,SLOW,0.0353,0
2025-03-03 12:57:13,SLOW,0.0024,0
2025-03-03 13:00:14,SLOW,0.0305,0
2025-03-03 13:03:14,SLOW,0.1416,1
2025-03-03 13:06:15,SLOW,0.1549,1
2025-03-03 13:09:15,SLOW,0.0824,0
2025-03-03 13:12:16,SLOW,0.0728,0
2025-03-03 13:15:16,SLOW,0.1099,0
2025-03-03 13:18:17,SLOW,0.078,0
2025-03-03 13:21:17,SLOW,0.0642,0
2025-03-03 13:24:18,SLOW,0.0352,0
2025-03-03 13:27:18,SLOW,0.0499,0
2025-03-03 13:30:19,SLOW,0.0499,0
2025-03-03 13:33:19,SLOW,0.0699,0
2025-03-03 13:36:19,SLOW,0.0699,0
2025-03-03 13:39:20,SLOW,0.0143,0
2025-03-03 13:42:20,SLOW,0.0195,0
2025-03-03 13:45:21,SLOW,0.0481,0
2025-03-03 13:48:21,SLOW,0.0481,0
2025-03-03 13:51:22,SLOW,0.0281,0
2025-03-03 13:54:22,SLOW,0.019,0
2025-03-03 13:57:23,SLOW,0.0109,0
2025-03-03 14:00:23,SLOW,0.0109,0
2025-03-03 14:03:24,SLOW,0.0343,0
2025-03-03 14:06:24,SLOW,0.0514,0
2025-03-03 14:09:25,SLOW,0.0171,0
2025-03-03 14:12:25,SLOW,0.0124,0
2025-03-03 14:15:26,SLOW,0.0314,0
2025-03-03 14:18:26,SLOW,0.0486,0
2025-03-03 14:21:26,SLOW,0.0438,0
2025-03-03 14:24:27,SLOW,0.1024,0
2025-03-03 14:27:27,SLOW,0.0881,0
2025-03-03 14:30:28,SLOW,0.079,0
2025-03-03 14:33:28,SLOW,0.079,0
2025-03-03 14:36:29,SLOW,0.0286,0
2025-03-03 14:39:29,SLOW,0.07,0
2025-03-03 14:42:30,SLOW,0.0934,0
2025-03-03 14:45:30,SLOW,0.0672,0
2025-03-03 14:48:31,SLOW,0.0672,0
2025-03-03 14:51:31,SLOW,0.0281,0
2025-03-03 14:54:32,SLOW,0.0567,0
2025-03-03 14:57:32,SLOW,0.0286,0
2025-03-03 15:00:33,SLOW,0.0305,0
2025-03-03 15:03:33,SLOW,0.0824,0
2025-03-03 15:06:33,SLOW,0.1628,0
2025-03-03 15:09:34,SLOW,0.0804,0
2025-03-03 15:12:34,SLOW,0.0613,0
2025-03-03 15:15:35,SLOW,0.0514,0
2025-03-03 15:18:35,SLOW,0.0471,0
2025-03-03 15:21:36,SLOW,0.0714,0
2025-03-03 15:24:36,SLOW,0.0714,0
2025-03-03 15:27:37,SLOW,0.0671,0
2025-03-03 15:30:37,SLOW,0.1787,1
2025-03-03 15:33:38,NORMAL,0.2883,2
2025-03-03 15:36:38,NORMAL,0.2883,2
2025-03-03 15:39:39,NORMAL,0.5719,2
2025-03-03 15:42:40,NORMAL,0.4061,1
2025-03-03 15:45:41,SLOW,0.1526,1
2025-03-03 15:48:41,SLOW,0.167,2
2025-03-03 15:51:41,NORMAL,0.2241,2
2025-03-03 15:54:42,NORMAL,0.2971,1
2025-03-03 15:57:44,NORMAL,0.4907,1
2025-03-03 16:00:45,NORMAL,0.5933,2
2025-03-03 16:06:48,SLOW,0.1745,1
2025-03-03 16:09:48,SLOW,0.1031,0
2025-03-03 16:12:49,SLOW,0.1917,1
2025-03-03 16:15:49,SLOW,0.1917,2
2025-03-03 16:18:49,NORMAL,0.2076,1
2025-03-03 16:21:51,NORMAL,0.3189,1
2025-03-03 16:24:52,NORMAL,0.4196,2
2025-03-03 16:27:52,NORMAL,0.2929,2
2025-03-03 16:30:52,NORMAL,0.3209,2
2025-03-03 16:33:54,SLOW,0.1283,2
2025-03-03 16:36:55,SLOW,0.1221,1
2025-03-03 16:39:55,SLOW,0.0685,0
2025-03-03 16:42:56,SLOW,0.137,1
2025-03-03 16:45:56,SLOW,0.1863,1
2025-03-03 16:48:57,NORMAL,0.2906,1
2025-03-03 16:51:57,NORMAL,0.2906,2
2025-03-03 16:54:57,SLOW,0.1137,1
2025-03-03 16:57:58,NORMAL,0.2834,1
2025-03-03 17:00:58,NORMAL,0.2834,1
2025-03-03 17:03:59,SLOW,0.1369,0
2025-03-03 17:06:59,SLOW,0.0403,0
2025-03-03 17:10:00,SLOW,0.0221,0
2025-03-03 17:13:00,SLOW,0.0278,0
2025-03-03 17:16:01,SLOW,0.0278,0
2025-03-03 17:19:01,SLOW,0.1684,1
2025-03-03 17:22:01,NORMAL,0.3392,2
2025-03-03 17:25:02,NORMAL,0.239,1
2025-03-03 17:28:02,NORMAL,0.2631,1
2025-03-03 17:31:03,NORMAL,0.3477,1
2025-03-03 17:34:04,SLOW,0.1228,0
2025-03-03 17:37:05,SLOW,0.1537,1
2025-03-03 17:40:05,SLOW,0.1995,1
2025-03-03 17:43:06,SLOW,0.0841,0
2025-03-03 17:46:06,SLOW,0.0596,0
2025-03-03 17:49:07,SLOW,0.1957,1
2025-03-03 17:52:07,NORMAL,0.3544,2
2025-03-03 17:55:08,SLOW,0.1992,1
2025-03-03 17:58:08,SLOW,0.0589,0
2025-03-03 18:01:09,SLOW,0.0911,0
2025-03-03 18:04:09,SLOW,0.0911,0
2025-03-03 18:07:10,SLOW,0.0609,0
2025-03-03 18:10:10,SLOW,0.0393,0
2025-03-03 18:13:10,SLOW,0.0781,0
2025-03-03 18:16:11,SLOW,0.0839,0
2025-03-03 18:19:11,SLOW,0.1357,0
2025-03-03 18:22:12,SLOW,0.0532,0
2025-03-03 18:25:12,SLOW,0.0479,0
2025-03-03 18:28:13,SLOW,0.0503,0
2025-03-03 18:31:13,SLOW,0.0503,0
2025-03-03 18:34:14,SLOW,0.0364,0
2025-03-03 18:37:14,SLOW,0.1366,1
2025-03-03 18:40:14,SLOW,0.1083,2
2025-03-03 18:43:15,NORMAL,0.2047,1
2025-03-03 18:46:17,NORMAL,0.2119,1
2025-03-03 18:49:17,NORMAL,0.2119,1
2025-03-03 18:52:17,SLOW,0.0297,0
2025-03-03 18:55:18,NORMAL,0.2421,1
2025-03-03 18:58:20,NORMAL,0.3903,2
2025-03-03 19:01:21,SLOW,0.1776,1
2025-03-03 19:04:22,SLOW,0.0395,0
2025-03-03 19:07:22,NORMAL,0.29,1
2025-03-03 19:22:26,SLOW,0.0551,0
2025-03-03 19:25:27,SLOW,0.0372,0
2025-03-03 19:28:27,SLOW,0.1806,1
2025-03-03 19:31:28,NORMAL,0.2301,1
2025-03-03 19:34:29,SLOW,0.162,1
2025-03-03 19:37:30,SLOW,0.1125,1
2025-03-03 19:40:30,SLOW,0.0209,0
2025-03-03 19:43:30,SLOW,0.1144,0
2025-03-03 19:46:31,SLOW,0.0955,0
2025-03-03 19:49:31,SLOW,0.1526,1
2025-03-03 19:52:32,SLOW,0.1536,1
2025-03-03 19:55:32,SLOW,0.061,0
2025-03-03 19:58:33,SLOW,0.0968,0
2025-03-03 20:01:33,NORMAL,0.2466,1
2025-03-03 20:04:35,NORMAL,0.2098,1
2025-03-03 20:07:35,SLOW,0.0705,0
2025-03-03 20:10:36,SLOW,0.0294,0
2025-03-03 20:13:36,SLOW,0.0531,0
2025-03-03 20:16:37,SLOW,0.145,0
2025-03-03 20:19:37,SLOW,0.1683,0
2025-03-03 20:22:38,SLOW,0.0764,0
2025-03-03 20:25:38,SLOW,0.0445,0
2025-03-03 20:28:39,SLOW,0.0929,0
2025-03-03 20:31:39,SLOW,0.195,1
2025-03-03 20:34:40,NORMAL,0.2744,1
2025-03-03 20:37:41,SLOW,0.1252,1
2025-03-03 20:40:42,NORMAL,0.2532,2
2025-03-03 20:43:42,NORMAL,0.2532,1
2025-03-03 20:46:42,NORMAL,0.2135,1
2025-03-03 20:49:44,NORMAL,0.3184,2
2025-03-03 20:52:46,NORMAL,0.5391,2
2025-03-03 21:01:49,NORMAL,0.3917,1
2025-03-03 21:04:50,NORMAL,0.4404,2
2025-03-03 21:16:54,SLOW,0.0788,0
2025-03-03 21:19:54,NORMAL,0.2231,1
2025-03-03 21:22:55,NORMAL,0.3993,2
2025-03-03 21:25:56,SLOW,0.1759,1
2025-03-03 21:28:57,SLOW,0.1865,1
2025-03-03 21:31:57,NORMAL,0.28,2
2025-03-03 21:34:58,NORMAL,0.28,2
2025-03-03 21:37:58,NORMAL,0.3264,1
2025-03-03 21:50:02,NORMAL,0.2475,1
2025-03-03 21:53:02,SLOW,0.1983,1
2025-03-03 21:56:03,NORMAL,0.3034,2
2025-03-03 21:59:05,NORMAL,0.2244,1
2025-03-03 22:29:11,SLOW,0.0528,0
2025-03-03 22:32:11,SLOW,0.0239,0
2025-03-03 22:35:12,SLOW,0.0357,0
2025-03-03 22:38:12,SLOW,0.0469,0
2025-03-03 22:41:13,SLOW,0.0469,0
2025-03-03 22:44:13,SLOW,0.0083,0
2025-03-03 22:47:13,SLOW,0.0049,0
2025-03-04 01:26:54,SLOW,0.0684,0
2025-03-04 01:29:54,SLOW,0.0176,0
2025-03-04 01:32:55,SLOW,0.019,0
2025-03-04 01:35:55,SLOW,0.041,0
2025-03-04 01:38:56,SLOW,0.0537,0
2025-03-04 01:41:56,SLOW,0.088,0
2025-03-04 01:44:56,SLOW,0.1061,0
2025-03-04 01:47:57,SLOW,0.045,0
2025-03-04 01:50:57,SLOW,0.0298,0
2025-03-04 01:53:58,SLOW,0.1105,0
2025-03-04 01:56:58,SLOW,0.1583,0
2025-03-04 01:59:59,SLOW,0.1108,0
2025-03-04 02:02:59,SLOW,0.0332,0
2025-03-04 02:06:00,SLOW,0.0322,0
2025-03-04 02:09:00,SLOW,0.0317,0
2025-03-04 02:12:01,SLOW,0.0498,0
2025-03-04 02:15:01,SLOW,0.1676,1
2025-03-04 02:18:01,SLOW,0.1676,1
2025-03-04 02:21:02,SLOW,0.0303,0
2025-03-04 02:24:02,SLOW,0.0543,0
2025-03-04 02:27:03,SLOW,0.0318,0
2025-03-04 02:30:03,SLOW,0.02,0
2025-03-04 02:33:04,SLOW,0.0416,0
2025-03-04 02:36:04,SLOW,0.066,0
2025-03-04 02:39:05,SLOW,0.0357,0
2025-03-04 02:42:05,SLOW,0.0558,0
2025-03-04 02:45:06,SLOW,0.0587,0
2025-03-04 02:48:06,SLOW,0.0636,0
2025-03-04 02:51:06,SLOW,0.0689,0
2025-03-04 02:54:07,SLOW,0.0738,0
2025-03-04 02:57:07,SLOW,0.0342,0
2025-03-04 03:00:08,SLOW,0.1449,1
2025-03-04 03:03:08,SLOW,0.1449,1
2025-03-04 03:06:09,SLOW,0.0969,0
2025-03-04 03:09:09,SLOW,0.0954,0
2025-03-04 03:12:10,SLOW,0.0954,0
2025-03-04 03:15:10,SLOW,0.0841,0
2025-03-04 03:18:11,SLOW,0.065,0
2025-03-04 03:21:11,SLOW,0.021,0
2025-03-04 03:24:12,SLOW,0.0425,0
2025-03-04 03:27:12,SLOW,0.045,0
2025-03-04 03:30:13,SLOW,0.045,0
2025-03-04 03:33:13,SLOW,0.0723,0
2025-03-04 03:36:14,SLOW,0.0816,0
2025-03-04 03:39:14,SLOW,0.0493,0
2025-03-04 03:42:14,SLOW,0.043,0
2025-03-04 03:45:15,SLOW,0.043,0
2025-03-04 03:48:15,SLOW,0.0293,0
2025-03-04 03:51:16,SLOW,0.0151,0
2025-03-04 03:54:16,SLOW,0.0269,0
2025-03-04 03:57:17,SLOW,0.0166,0
2025-03-04 04:00:17,SLOW,0.02,0
2025-03-04 04:03:18,SLOW,0.0611,0
2025-03-04 04:06:18,SLOW,0.0811,0
2025-03-04 04:09:19,SLOW,0.0811,0
2025-03-04 04:12:19,SLOW,0.0542,0
2025-03-04 04:15:20,SLOW,0.0963,0
2025-03-04 04:18:20,SLOW,0.1369,1
2025-03-04 04:21:21,SLOW,0.1872,1
2025-03-04 04:24:21,SLOW,0.062,0
2025-03-04 04:27:21,SLOW,0.0239,0
2025-03-04 04:30:22,SLOW,0.0459,0
2025-03-04 04:33:22,SLOW,0.0312,0
2025-03-04 04:36:23,SLOW,0.0225,0
2025-03-04 04:39:23,SLOW,0.0132,0
2025-03-04 04:42:24,SLOW,0.0122,0
2025-03-04 04:45:24,SLOW,0.0122,0
2025-03-04 04:48:25,SLOW,0.0342,0
2025-03-04 04:51:25,SLOW,0.0264,0
2025-03-04 04:54:26,SLOW,0.0186,0
2025-03-04 04:57:26,SLOW,0.0391,0
2025-03-04 05:00:27,SLOW,0.021,0
2025-03-04 05:03:27,SLOW,0.0723,0
2025-03-04 05:06:27,SLOW,0.0723,0
2025-03-04 05:09:28,SLOW,0.0601,0
2025-03-04 05:12:28,SLOW,0.0273,0
2025-03-04 05:15:29,SLOW,0.0273,0
2025-03-04 05:18:29,SLOW,0.0478,0
2025-03-04 05:21:30,SLOW,0.043,0
2025-03-04 05:24:30,SLOW,0.1064,0
2025-03-04 05:27:31,SLOW,0.0781,0
2025-03-04 05:30:31,SLOW,0.0171,0
2025-03-04 05:33:31,SLOW,0.0073,0
2025-03-04 05:36:32,SLOW,0.038,0
2025-03-04 05:39:32,SLOW,0.1587,1
2025-03-04 05:42:33,SLOW,0.1304,1
2025-03-04 05:45:33,SLOW,0.0117,0
2025-03-04 05:48:34,SLOW,0.0117,0
2025-03-04 05:51:34,SLOW,0.0093,0
2025-03-04 05:54:35,SLOW,0.0093,0
2025-03-04 05:57:35,SLOW,0.0249,0
2025-03-04 06:00:36,SLOW,0.0249,0
2025-03-04 06:03:36,SLOW,0.1148,1
2025-03-04 06:06:37,NORMAL,0.2232,2
2025-03-04 06:09:37,SLOW,0.1083,1
2025-03-04 06:12:38,SLOW,0.1811,1
2025-03-04 06:15:38,SLOW,0.1645,1
2025-03-04 06:18:38,SLOW,0.0639,0
2025-03-04 06:21:39,SLOW,0.0322,0
2025-03-04 06:24:39,SLOW,0.1166,0
2025-03-04 06:27:40,SLOW,0.1039,0
2025-03-04 06:30:40,SLOW,0.0219,0
2025-03-04 06:33:41,SLOW,0.0024,0
2025-03-04 06:36:41,SLOW,0.0166,0
2025-03-04 06:39:42,SLOW,0.0405,0
2025-03-04 06:42:42,SLOW,0.0258,0
2025-03-04 06:45:43,SLOW,0.0141,0
2025-03-04 06:48:43,SLOW,0.0268,0
2025-03-04 06:51:44,SLOW,0.0726,0
2025-03-04 06:54:44,SLOW,0.0726,0
2025-03-04 06:57:45,SLOW,0.0463,0
2025-03-04 07:00:45,SLOW,0.0683,0
2025-03-04 07:03:46,SLOW,0.0439,0
2025-03-04 07:06:46,SLOW,0.0332,0
2025-03-04 07:09:46,SLOW,0.1039,0
2025-03-04 07:12:47,SLOW,0.1641,0
2025-03-04 07:15:47,SLOW,0.0664,0
2025-03-04 07:18:48,SLOW,0.0508,0
2025-03-04 07:21:48,SLOW,0.0835,0
2025-03-04 07:24:49,SLOW,0.1513,0
2025-03-04 07:27:49,SLOW,0.1229,0
2025-03-04 07:30:50,SLOW,0.079,0
2025-03-04 07:33:50,SLOW,0.1029,0
2025-03-04 07:36:51,SLOW,0.1435,1
2025-03-04 07:39:51,SLOW,0.1196,1
2025-03-04 07:42:52,SLOW,0.061,0
2025-03-04 07:45:52,SLOW,0.0254,0
2025-03-04 07:48:53,SLOW,0.0746,0
2025-03-04 07:51:53,SLOW,0.1585,0
2025-03-04 07:54:53,SLOW,0.0941,0
2025-03-04 07:57:54,SLOW,0.077,0
2025-03-04 08:00:54,SLOW,0.0161,0
2025-03-04 08:03:55,SLOW,0.078,0
2025-03-04 08:06:55,SLOW,0.0771,0
2025-03-04 08:09:56,NORMAL,0.2215,1
2025-03-04 08:12:56,NORMAL,0.2784,1
2025-03-04 08:15:58,SLOW,0.1013,1
2025-03-04 08:18:58,SLOW,0.1032,1
2025-03-04 08:21:59,SLOW,0.0152,0
2025-03-04 08:24:59,SLOW,0.0269,0
2025-03-04 08:28:00,SLOW,0.0137,0
2025-03-04 08:31:00,SLOW,0.0049,0
2025-03-04 08:34:01,SLOW,0.02,0
2025-03-04 08:37:01,SLOW,0.0342,0
2025-03-04 08:40:02,SLOW,0.0142,0
2025-03-04 08:43:02,SLOW,0.0108,0
2025-03-04 08:46:02,SLOW,0.0792,0
2025-03-04 08:49:03,SLOW,0.0748,0
2025-03-04 08:52:03,SLOW,0.0396,0
2025-03-04 08:55:04,SLOW,0.0969,0
2025-03-04 08:58:04,SLOW,0.1483,0
2025-03-04 09:01:05,SLOW,0.0514,0
2025-03-04 09:04:05,SLOW,0.0313,0
2025-03-04 09:07:06,SLOW,0.023,0
2025-03-04 09:10:06,SLOW,0.0093,0
2025-03-04 09:13:07,SLOW,0.1473,1
2025-03-04 09:16:07,SLOW,0.1473,1
2025-03-04 09:19:08,SLOW,0.0621,0
2025-03-04 09:22:08,SLOW,0.0694,0
2025-03-04 09:25:09,SLOW,0.0685,0
2025-03-04 09:28:09,SLOW,0.0484,0
2025-03-04 09:31:09,SLOW,0.107,0
2025-03-04 09:34:10,SLOW,0.0972,0
2025-03-04 09:37:10,SLOW,0.0605,0
2025-03-04 09:40:11,SLOW,0.0761,0
2025-03-04 09:43:11,SLOW,0.0546,0
2025-03-04 09:46:12,SLOW,0.101,1
2025-03-04 09:49:12,SLOW,0.1587,1
2025-03-04 09:52:13,SLOW,0.1696,1
2025-03-04 09:55:13,SLOW,0.112,1
2025-03-04 09:58:14,SLOW,0.0948,0
2025-03-04 10:01:14,SLOW,0.0498,0
2025-03-04 10:04:15,SLOW,0.1206,1
2025-03-04 10:07:15,SLOW,0.1206,1
2025-03-04 10:10:16,SLOW,0.0678,0
2025-03-04 10:13:16,SLOW,0.0678,0
2025-03-04 10:16:17,SLOW,0.1519,1
2025-03-04 10:19:17,SLOW,0.1465,1
2025-03-04 10:22:17,SLOW,0.0244,0
2025-03-04 10:25:18,SLOW,0.0415,0
2025-03-04 10:28:18,SLOW,0.0743,0
2025-03-04 10:31:19,SLOW,0.0743,0
2025-03-04 10:34:19,SLOW,0.0645,0
2025-03-04 10:37:20,SLOW,0.0679,0
2025-03-04 10:40:20,SLOW,0.0758,0
2025-03-04 10:43:21,SLOW,0.022,0
2025-03-04 10:46:21,SLOW,0.1305,1
2025-03-04 10:49:22,SLOW,0.1305,1
2025-03-04 10:52:22,SLOW,0.1418,1
2025-03-04 10:55:23,SLOW,0.1198,1
2025-03-04 10:58:23,SLOW,0.0719,0
2025-03-04 11:01:24,SLOW,0.1993,1
2025-03-04 11:04:24,SLOW,0.1298,1
2025-03-04 11:07:25,SLOW,0.1087,1
2025-03-04 11:10:25,SLOW,0.1278,1
2025-03-04 11:13:26,SLOW,0.0367,0
2025-03-04 11:16:26,SLOW,0.0391,0
2025-03-04 11:19:27,SLOW,0.0279,0
2025-03-04 11:22:27,SLOW,0.0279,0
2025-03-04 11:25:27,SLOW,0.0685,0
2025-03-04 11:28:28,SLOW,0.1003,0
2025-03-04 11:31:28,SLOW,0.0783,0
2025-03-04 11:34:29,SLOW,0.0749,0
2025-03-04 11:37:29,SLOW,0.0563,0
2025-03-04 11:40:30,SLOW,0.0279,0
2025-03-04 11:43:30,SLOW,0.0269,0
2025-03-04 11:46:31,SLOW,0.0225,0
2025-03-04 11:49:31,SLOW,0.0127,0
2025-03-04 11:52:31,SLOW,0.0588,0
2025-03-04 11:55:32,SLOW,0.046,0
2025-03-04 11:58:32,SLOW,0.0465,0
2025-03-04 12:01:33,SLOW,0.0382,0
2025-03-04 12:04:33,SLOW,0.0858,0
2025-03-04 12:07:34,SLOW,0.0858,0
2025-03-04 12:10:34,SLOW,0.1054,0
2025-03-04 12:13:35,SLOW,0.0847,0
2025-03-04 12:16:35,SLOW,0.1048,1
2025-03-04 12:19:36,SLOW,0.1068,1
2025-03-04 12:22:36,SLOW,0.0093,0
2025-03-04 12:25:37,SLOW,0.0622,0
2025-03-04 12:28:37,SLOW,0.074,0
2025-03-04 12:31:37,SLOW,0.0783,0
2025-03-04 12:34:38,SLOW,0.0852,0
2025-03-04 12:37:38,SLOW,0.1298,0
2025-03-04 12:40:39,SLOW,0.0725,0
2025-03-04 12:43:39,SLOW,0.0696,0
2025-03-04 12:46:40,SLOW,0.122,0
2025-03-04 12:49:40,SLOW,0.0524,0
2025-03-04 12:52:41,SLOW,0.0514,0
2025-03-04 12:55:41,SLOW,0.0857,0
2025-03-04 12:58:42,SLOW,0.0857,0
2025-03-04 13:01:42,SLOW,0.1402,1
2025-03-04 13:04:42,NORMAL,0.2301,1
2025-03-04 13:07:43,SLOW,0.0898,0
2025-03-04 13:10:43,SLOW,0.0707,0
2025-03-04 13:13:44,SLOW,0.0986,0
2025-03-04 13:16:44,NORMAL,0.2231,1
2025-03-04 13:34:49,NORMAL,0.2004,1
2025-03-04 13:37:50,SLOW,0.0803,0
2025-03-04 13:40:50,SLOW,0.0837,0
2025-03-04 13:43:51,SLOW,0.0906,0
2025-03-04 13:46:51,SLOW,0.0906,0
2025-03-04 13:49:52,SLOW,0.0764,0
2025-03-04 13:52:52,SLOW,0.0931,0
2025-03-04 13:55:53,SLOW,0.1312,0
2025-03-04 13:58:53,SLOW,0.0972,0
2025-03-04 14:01:53,SLOW,0.0247,0
2025-03-04 14:04:54,SLOW,0.1868,1
2025-03-04 14:07:54,SLOW,0.1868,2
2025-03-04 14:10:55,SLOW,0.1433,1
2025-03-04 14:13:55,SLOW,0.1378,0
2025-03-04 14:16:56,SLOW,0.079,0
2025-03-04 14:19:56,SLOW,0.1335,1
2025-03-04 14:22:57,SLOW,0.1335,1
2025-03-04 14:25:57,SLOW,0.0573,0
2025-03-04 14:28:58,SLOW,0.0766,0
2025-03-04 14:31:58,SLOW,0.1805,1
2025-03-04 14:34:59,SLOW,0.1805,1
2025-03-04 14:37:59,SLOW,0.1367,1
2025-03-04 14:41:00,SLOW,0.1367,1
2025-03-04 14:44:00,SLOW,0.0636,0
2025-03-04 14:47:00,SLOW,0.0636,0
2025-03-04 14:50:01,SLOW,0.0799,0
2025-03-04 14:53:01,SLOW,0.0799,0
2025-03-04 14:56:02,SLOW,0.0572,0
2025-03-04 14:59:02,SLOW,0.0547,0
2025-03-04 15:02:03,SLOW,0.1026,1
2025-03-04 15:05:03,NORMAL,0.2273,2
2025-03-04 15:20:08,SLOW,0.1769,1
2025-03-04 15:23:08,SLOW,0.0705,0
2025-03-04 15:26:09,SLOW,0.032,0
2025-03-04 15:29:09,SLOW,0.032,0
2025-03-04 15:32:09,NORMAL,0.2361,1
2025-03-04 15:35:10,NORMAL,0.2361,2
2025-03-04 15:38:10,NORMAL,0.5809,2
2025-03-04 15:41:11,NORMAL,0.4603,2
2025-03-04 15:44:11,NORMAL,0.6216,2
2025-03-04 15:50:14,NORMAL,0.4299,2
2025-03-04 15:53:14,NORMAL,0.4269,2
2025-03-04 15:59:17,SLOW,0.1393,1
2025-03-04 16:02:17,NORMAL,0.4112,1
2025-03-04 16:05:19,NORMAL,0.3874,1
2025-03-04 16:08:19,NORMAL,0.2115,1
2025-03-04 16:11:20,NORMAL,0.2688,1
2025-03-04 16:14:21,SLOW,0.1694,1
2025-03-04 16:17:22,NORMAL,0.3629,2
2025-03-04 16:20:22,NORMAL,0.541,2
2025-03-04 17:32:39,NORMAL,0.3493,2
2025-03-04 17:35:40,NORMAL,0.3493,1
2025-03-04 17:38:40,SLOW,0.083,0
2025-03-04 17:41:41,SLOW,0.1739,0
2025-03-04 17:44:41,NORMAL,0.3013,1
2025-03-04 17:50:43,SLOW,0.1871,1
2025-03-04 17:53:44,NORMAL,0.2287,1
2025-03-04 18:02:47,SLOW,0.1245,0
2025-03-04 18:05:47,SLOW,0.043,0
2025-03-04 18:08:48,SLOW,0.0924,0
2025-03-04 18:11:48,SLOW,0.1962,1
2025-03-04 18:14:49,SLOW,0.1962,2
2025-03-04 18:17:49,SLOW,0.1072,1
2025-03-04 18:20:50,SLOW,0.1709,0
2025-03-04 18:23:50,NORMAL,0.2719,1
2025-03-04 18:29:52,SLOW,0.121,1
2025-03-04 18:32:53,SLOW,0.1748,1
2025-03-04 18:35:53,SLOW,0.1748,1
2025-03-04 18:38:54,SLOW,0.1349,1
2025-03-04 18:41:54,SLOW,0.1408,2
2025-03-04 18:44:55,SLOW,0.1408,1
2025-03-04 18:47:55,SLOW,0.1807,1
2025-03-04 18:50:56,NORMAL,0.2004,2
2025-03-04 18:53:56,NORMAL,0.2374,1
2025-03-04 19:06:00,SLOW,0.1746,1
2025-03-04 19:09:00,NORMAL,0.3999,2
2025-03-04 19:12:01,NORMAL,0.4628,2
2025-03-04 19:15:01,NORMAL,0.3556,2
2025-03-04 19:18:02,NORMAL,0.2478,2
2025-03-04 19:21:02,NORMAL,0.2921,1
2025-03-04 19:36:06,SLOW,0.1767,1
2025-03-04 19:39:07,SLOW,0.1553,1
2025-03-04 19:42:07,NORMAL,0.25,2
2025-03-04 19:45:09,SLOW,0.1492,1
2025-03-04 19:48:10,SLOW,0.0446,0
2025-03-04 19:51:10,SLOW,0.0932,0
2025-03-04 19:54:11,SLOW,0.128,1
2025-03-04 19:57:11,NORMAL,0.3074,2
2025-03-04 20:00:11,SLOW,0.1792,1
2025-03-04 20:03:12,NORMAL,0.2054,1
2025-03-04 20:06:12,NORMAL,0.2909,1
2025-03-04 20:15:16,SLOW,0.1541,1
2025-03-04 20:18:16,SLOW,0.0727,0
2025-03-04 20:21:17,SLOW,0.1288,0
2025-03-04 20:24:17,SLOW,0.1667,1
2025-03-04 20:27:18,SLOW,0.1106,1
2025-03-04 20:30:18,SLOW,0.1413,0
2025-03-04 20:33:18,SLOW,0.1419,0
2025-03-04 20:36:19,SLOW,0.0888,0
2025-03-04 20:39:19,SLOW,0.1668,0
2025-03-04 20:42:20,SLOW,0.0926,0
2025-03-04 20:45:20,SLOW,0.094,0
2025-03-04 20:48:21,SLOW,0.1023,0
2025-03-04 20:51:21,SLOW,0.0394,0
2025-03-04 20:54:22,SLOW,0.0599,0
2025-03-04 20:57:22,SLOW,0.0681,0
2025-03-04 21:00:22,SLOW,0.1231,1
2025-03-04 21:03:23,SLOW,0.1148,1
2025-03-04 21:06:23,SLOW,0.1182,1
2025-03-04 21:09:24,SLOW,0.196,2
2025-03-04 21:12:24,SLOW,0.1999,1
2025-03-04 21:15:25,SLOW,0.1092,1
2025-03-04 21:18:25,SLOW,0.1175,1
2025-03-04 21:21:26,SLOW,0.1018,0
2025-03-04 21:24:26,NORMAL,0.2715,1
2025-03-04 21:30:29,NORMAL,0.365,1
2025-03-04 21:33:29,NORMAL,0.7252,2
2025-03-04 21:36:30,NORMAL,0.4181,1
2025-03-04 21:39:30,NORMAL,0.224,1
2025-03-04 21:42:30,NORMAL,0.3523,2
2025-03-04 21:48:33,NORMAL,0.2814,2
2025-03-04 21:51:33,NORMAL,0.8692,2
2025-03-04 21:57:35,NORMAL,0.2097,1
2025-03-04 22:00:36,NORMAL,0.261,1
2025-03-04 22:03:36,SLOW,0.1989,2
2025-03-04 22:06:37,SLOW,0.1655,2
2025-03-04 22:09:37,NORMAL,0.2823,2
2025-03-04 22:12:38,NORMAL,0.2417,2
2025-03-04 22:15:38,SLOW,0.1244,2
2025-03-04 22:18:39,SLOW,0.1195,1
2025-03-04 22:21:39,NORMAL,0.2786,1
2025-03-04 22:24:40,NORMAL,0.4381,2
2025-03-04 22:27:41,SLOW,0.1938,1
2025-03-04 22:30:42,SLOW,0.1752,1
2025-03-04 22:33:42,SLOW,0.1752,1
2025-03-04 22:36:43,SLOW,0.1011,1
2025-03-04 22:39:43,SLOW,0.1183,1
2025-03-04 22:42:44,SLOW,0.0308,0
2025-03-04 22:45:44,SLOW,0.0308,0
2025-03-04 22:48:45,SLOW,0.0904,0
2025-03-05 02:22:38,SLOW,0.0938,0
2025-03-05 02:25:38,SLOW,0.1442,1
2025-03-05 02:28:39,SLOW,0.1442,2
2025-03-05 02:31:39,NORMAL,0.2476,2
2025-03-05 02:34:41,SLOW,0.1468,2
2025-03-05 02:37:41,NORMAL,0.2055,1
2025-03-05 02:40:42,SLOW,0.0943,0
2025-03-05 02:43:42,SLOW,0.0366,0
2025-03-05 02:46:43,SLOW,0.0464,0
2025-03-05 02:49:43,SLOW,0.0391,0
2025-03-05 02:52:44,SLOW,0.0293,0
2025-03-05 02:55:44,SLOW,0.0693,0
2025-03-05 02:58:45,SLOW,0.1006,0
2025-03-05 03:01:45,SLOW,0.1286,0
2025-03-05 03:04:45,SLOW,0.0826,0
2025-03-05 03:07:46,SLOW,0.0308,0
2025-03-05 03:10:46,SLOW,0.0308,0
2025-03-05 03:13:47,SLOW,0.1248,1
2025-03-05 03:16:47,SLOW,0.1248,1
2025-03-05 03:19:48,SLOW,0.0406,0
2025-03-05 03:22:48,SLOW,0.1185,0
2025-03-05 03:25:49,SLOW,0.0866,0
2025-03-05 03:28:49,SLOW,0.1293,0
2025-03-05 03:31:49,SLOW,0.1259,0
2025-03-05 03:34:50,SLOW,0.1039,0
2025-03-05 03:37:50,SLOW,0.0475,0
2025-03-05 03:40:51,SLOW,0.1539,1
2025-03-05 03:43:51,SLOW,0.1734,1
2025-03-05 03:46:52,SLOW,0.067,0
2025-03-05 03:49:52,SLOW,0.0264,0
2025-03-05 03:52:53,SLOW,0.0807,0
2025-03-05 03:55:53,SLOW,0.0807,0
2025-03-05 03:58:54,SLOW,0.1238,0
2025-03-05 04:01:54,SLOW,0.1204,0
2025-03-05 04:04:55,SLOW,0.0739,0
2025-03-05 04:07:55,NORMAL,0.2276,1
2025-03-05 04:35:03,SLOW,0.0356,0
2025-03-05 04:38:03,SLOW,0.1065,0
2025-03-05 04:41:03,SLOW,0.0747,0
2025-03-05 04:44:04,SLOW,0.0616,0
2025-03-05 04:47:04,SLOW,0.0577,0
2025-03-05 04:50:05,SLOW,0.1872,1
2025-03-05 04:53:05,SLOW,0.1402,1
2025-03-05 04:56:06,SLOW,0.0917,0
2025-03-05 04:59:06,SLOW,0.0917,0
2025-03-05 05:02:07,SLOW,0.0781,0
2025-03-05 05:05:07,SLOW,0.0503,0
2025-03-05 05:08:08,SLOW,0.0576,0
2025-03-05 05:11:08,SLOW,0.0434,0
2025-03-05 05:14:09,SLOW,0.0156,0
2025-03-05 05:17:09,SLOW,0.0127,0
2025-03-05 05:20:10,SLOW,0.0454,0
2025-03-05 05:23:10,SLOW,0.0537,0
2025-03-05 05:26:11,SLOW,0.0302,0
2025-03-05 05:29:11,SLOW,0.022,0
2025-03-05 05:32:11,SLOW,0.0127,0
2025-03-05 05:35:12,SLOW,0.0542,0
2025-03-05 05:38:12,SLOW,0.0415,0
2025-03-05 05:41:13,SLOW,0.0229,0
2025-03-05 05:44:13,SLOW,0.0322,0
2025-03-05 05:47:14,SLOW,0.0259,0
2025-03-05 05:50:14,SLOW,0.0215,0
2025-03-05 05:53:15,SLOW,0.0068,0
2025-03-05 05:56:15,SLOW,0.0137,0
2025-03-05 05:59:16,SLOW,0.0117,0
2025-03-05 06:02:16,SLOW,0.0293,0
2025-03-05 06:05:17,SLOW,0.0551,0
2025-03-05 06:08:17,SLOW,0.0424,0
2025-03-05 06:11:18,SLOW,0.0146,0
2025-03-05 06:14:18,SLOW,0.0459,0
2025-03-05 06:17:18,SLOW,0.0893,0
2025-03-05 06:20:19,SLOW,0.0869,0
2025-03-05 06:23:19,SLOW,0.0679,0
2025-03-05 06:26:20,SLOW,0.0391,0
2025-03-05 06:29:20,SLOW,0.0362,0
2025-03-05 06:32:21,SLOW,0.0215,0
2025-03-05 06:35:21,SLOW,0.0239,0
2025-03-05 06:38:22,SLOW,0.0464,0
2025-03-05 06:41:22,SLOW,0.0977,0
2025-03-05 06:44:23,SLOW,0.0722,0
2025-03-05 06:47:23,SLOW,0.0283,0
2025-03-05 06:50:23,SLOW,0.0156,0
2025-03-05 06:53:24,SLOW,0.0059,0
2025-03-05 06:56:24,SLOW,0.0117,0
2025-03-05 06:59:25,SLOW,0.0171,0
2025-03-05 07:02:25,SLOW,0.0185,0
2025-03-05 07:05:26,SLOW,0.021,0
2025-03-05 07:08:26,SLOW,0.0429,0
2025-03-05 07:11:27,SLOW,0.0429,0
2025-03-05 07:14:27,SLOW,0.0585,0
2025-03-05 07:17:28,SLOW,0.0585,0
2025-03-05 07:20:28,SLOW,0.0614,0
2025-03-05 07:23:29,SLOW,0.0703,0
2025-03-05 07:26:29,SLOW,0.0776,0
2025-03-05 07:29:29,SLOW,0.0713,0
2025-03-05 07:32:30,SLOW,0.0659,0
2025-03-05 07:35:30,SLOW,0.0093,0
2025-03-05 07:38:31,SLOW,0.0869,0
2025-03-05 07:41:31,SLOW,0.0967,0
2025-03-05 07:44:32,SLOW,0.019,0
2025-03-05 07:47:32,SLOW,0.0122,0
2025-03-05 07:50:33,SLOW,0.0122,0
2025-03-05 07:53:33,SLOW,0.0473,0
2025-03-05 07:56:34,SLOW,0.0473,0
2025-03-05 07:59:34,SLOW,0.0205,0
2025-03-05 08:02:35,SLOW,0.0751,0
2025-03-05 08:05:35,SLOW,0.0751,0
2025-03-05 08:08:35,SLOW,0.0171,0
2025-03-05 08:11:36,SLOW,0.0571,0
2025-03-05 08:14:36,SLOW,0.0854,0
2025-03-05 08:17:37,SLOW,0.0283,0
2025-03-05 08:20:37,SLOW,0.0102,0
2025-03-05 08:23:38,SLOW,0.039,0
2025-03-05 08:26:38,SLOW,0.039,0
2025-03-05 08:29:39,SLOW,0.0463,0
2025-03-05 08:32:39,SLOW,0.0463,0
2025-03-05 08:35:40,SLOW,0.0293,0
2025-03-05 08:38:40,SLOW,0.0439,0
2025-03-05 08:41:41,SLOW,0.0829,0
2025-03-05 08:44:41,SLOW,0.0829,0
2025-03-05 08:47:41,SLOW,0.0366,0
2025-03-05 08:50:42,SLOW,0.019,0
2025-03-05 08:53:42,SLOW,0.0317,0
2025-03-05 08:56:43,SLOW,0.0317,0
2025-03-05 08:59:43,SLOW,0.0278,0
2025-03-05 09:02:44,SLOW,0.0761,0
2025-03-05 09:05:44,SLOW,0.1055,0
2025-03-05 09:08:45,SLOW,0.0376,0
2025-03-05 09:11:45,SLOW,0.043,0
2025-03-05 09:14:46,SLOW,0.043,0
2025-03-05 09:17:46,SLOW,0.06,0
2025-03-05 09:20:47,SLOW,0.1489,0
2025-03-05 09:23:47,SLOW,0.0888,0
2025-03-05 09:26:48,SLOW,0.1063,1
2025-03-05 09:29:48,SLOW,0.1935,1
2025-03-05 09:32:49,SLOW,0.0872,0
2025-03-05 09:35:49,SLOW,0.1208,0
2025-03-05 09:38:49,SLOW,0.1111,0
2025-03-05 09:41:50,SLOW,0.0463,0
2025-03-05 09:44:50,SLOW,0.0171,0
2025-03-05 09:47:51,SLOW,0.0858,0
2025-03-05 09:50:51,SLOW,0.0785,0
2025-03-05 09:53:52,SLOW,0.0229,0
2025-03-05 09:56:52,SLOW,0.0678,0
2025-03-05 09:59:53,SLOW,0.0678,0
2025-03-05 10:02:53,SLOW,0.0332,0
2025-03-05 10:05:54,SLOW,0.0283,0
2025-03-05 10:08:54,SLOW,0.0776,0
2025-03-05 10:11:55,SLOW,0.0761,0
2025-03-05 10:14:55,SLOW,0.0444,0
2025-03-05 10:17:56,SLOW,0.061,0
2025-03-05 10:20:56,SLOW,0.0936,0
2025-03-05 10:23:56,SLOW,0.1731,0
2025-03-05 10:26:57,SLOW,0.1028,0
2025-03-05 10:29:57,SLOW,0.0316,0
2025-03-05 10:32:58,SLOW,0.0565,0
2025-03-05 10:35:58,SLOW,0.0793,0
2025-03-05 10:38:59,SLOW,0.0404,0
2025-03-05 10:41:59,SLOW,0.0467,0
2025-03-05 10:45:00,SLOW,0.0866,0
2025-03-05 10:48:00,SLOW,0.1002,0
2025-03-05 10:51:01,SLOW,0.0384,0
2025-03-05 10:54:01,SLOW,0.0729,0
2025-03-05 10:57:02,SLOW,0.0832,0
2025-03-05 11:00:02,SLOW,0.0102,0
2025-03-05 11:03:03,SLOW,0.0594,0
2025-03-05 11:06:03,SLOW,0.0594,0
2025-03-05 11:09:03,SLOW,0.0813,0
2025-03-05 11:12:04,SLOW,0.148,1
2025-03-05 11:15:04,NORMAL,0.2222,1
2025-03-05 11:39:11,SLOW,0.0473,0
2025-03-05 11:42:12,SLOW,0.0463,0
2025-03-05 11:45:12,SLOW,0.0278,0
2025-03-05 11:48:13,SLOW,0.0185,0
2025-03-05 11:51:14,SLOW,0.0507,0
2025-03-05 11:54:14,SLOW,0.0912,0
2025-03-05 11:57:15,SLOW,0.1288,0
2025-03-05 12:00:15,SLOW,0.0883,0
2025-03-05 12:03:16,SLOW,0.0259,0
2025-03-05 12:06:16,SLOW,0.0234,0
2025-03-05 12:09:17,SLOW,0.0293,0
2025-03-05 12:12:17,SLOW,0.0317,0
2025-03-05 12:15:18,SLOW,0.0317,0
2025-03-05 12:18:18,SLOW,0.0293,0
2025-03-05 12:21:19,SLOW,0.0293,0
2025-03-05 12:24:19,SLOW,0.0595,0
2025-03-05 12:27:20,SLOW,0.0312,0
2025-03-05 12:30:20,SLOW,0.0254,0
2025-03-05 12:33:20,SLOW,0.0547,0
2025-03-05 12:36:21,SLOW,0.0566,0
2025-03-05 12:39:21,SLOW,0.0566,0
2025-03-05 12:42:22,SLOW,0.0381,0
2025-03-05 12:45:22,SLOW,0.0815,0
2025-03-05 12:48:23,SLOW,0.0883,0
2025-03-05 12:51:23,SLOW,0.083,0
2025-03-05 12:54:24,NORMAL,0.4949,1
2025-03-05 12:57:24,NORMAL,0.4116,2
2025-03-05 13:00:25,NORMAL,0.2156,1
2025-03-05 13:03:25,SLOW,0.0797,0
2025-03-05 13:06:26,SLOW,0.0602,0
2025-03-05 13:09:26,SLOW,0.0602,0
2025-03-05 13:12:26,SLOW,0.0533,0
2025-03-05 13:15:27,SLOW,0.0328,0
2025-03-05 13:18:27,SLOW,0.0709,0
2025-03-05 13:21:28,SLOW,0.1043,0
2025-03-05 13:24:28,SLOW,0.0568,0
2025-03-05 13:27:29,SLOW,0.0788,0
2025-03-05 13:30:29,SLOW,0.0944,0
2025-03-05 13:33:30,SLOW,0.0572,0
2025-03-05 13:36:30,SLOW,0.0792,0
2025-03-05 13:39:31,SLOW,0.0626,0
2025-03-05 13:42:31,SLOW,0.0244,0
2025-03-05 13:45:32,SLOW,0.0596,0
2025-03-05 13:48:32,SLOW,0.1893,1
2025-03-05 13:51:33,SLOW,0.1893,1
2025-03-05 13:54:33,SLOW,0.0778,0
2025-03-05 13:57:34,SLOW,0.0729,0
2025-03-05 14:00:34,SLOW,0.1028,0
2025-03-05 14:03:35,SLOW,0.0396,0
2025-03-05 14:06:35,SLOW,0.1268,0
2025-03-05 14:09:35,SLOW,0.0871,0
2025-03-05 14:12:36,SLOW,0.0827,0
2025-03-05 14:15:36,NORMAL,0.2248,1
2025-03-05 14:18:37,NORMAL,0.2248,1
2025-03-05 14:21:37,SLOW,0.0323,0
2025-03-05 14:24:38,SLOW,0.0323,0
2025-03-05 14:27:38,SLOW,0.0966,0
2025-03-05 14:30:39,SLOW,0.1054,0
2025-03-05 14:33:39,SLOW,0.0363,0
2025-03-05 14:36:40,SLOW,0.0363,0
2025-03-05 14:39:40,SLOW,0.0427,0
2025-03-05 14:42:41,SLOW,0.053,0
2025-03-05 14:45:41,SLOW,0.0623,0
2025-03-05 14:48:42,SLOW,0.0427,0
2025-03-05 14:51:42,SLOW,0.0584,0
2025-03-05 14:54:43,SLOW,0.0348,0
2025-03-05 14:57:43,SLOW,0.0265,0
2025-03-05 15:00:43,SLOW,0.1517,1
2025-03-05 15:03:44,NORMAL,0.2049,1
2025-03-05 15:06:44,SLOW,0.0796,0
2025-03-05 15:09:45,SLOW,0.0791,0
2025-03-05 15:12:45,SLOW,0.0491,0
2025-03-05 15:15:46,NORMAL,0.2072,1
2025-03-05 15:27:50,SLOW,0.1207,1
2025-03-05 15:30:50,SLOW,0.1768,2
2025-03-05 15:33:51,SLOW,0.1768,1
2025-03-05 15:36:51,NORMAL,0.3098,1
2025-03-05 15:39:51,NORMAL,0.3098,2
2025-03-05 15:42:52,NORMAL,0.4093,2
2025-03-05 15:45:54,NORMAL,0.2922,1
2025-03-05 15:48:54,NORMAL,0.2957,1
2025-03-05 15:51:55,NORMAL,0.2287,1
2025-03-05 15:54:55,NORMAL,0.2494,1
2025-03-05 15:57:56,NORMAL,0.4157,2
2025-03-05 16:03:58,NORMAL,0.7752,1
2025-03-05 16:06:58,SLOW,0.1354,1
2025-03-05 16:09:59,SLOW,0.1354,1
2025-03-05 16:12:59,SLOW,0.0691,0
2025-03-05 16:16:00,NORMAL,0.2675,1
2025-03-05 16:19:00,NORMAL,0.4361,2
2025-03-05 16:22:01,NORMAL,0.5082,2
2025-03-05 16:25:01,NORMAL,0.3394,2
2025-03-05 16:28:02,SLOW,0.1159,1
2025-03-05 16:31:02,SLOW,0.0809,0
2025-03-05 16:34:03,NORMAL,0.2417,1
2025-03-05 16:37:04,NORMAL,0.2361,1
2025-03-05 16:46:08,SLOW,0.1834,2
2025-03-05 16:49:08,NORMAL,0.2361,2
2025-03-05 16:52:09,NORMAL,0.3427,2
2025-03-05 16:58:11,NORMAL,0.3949,2
2025-03-05 17:01:11,NORMAL,0.4172,2
2025-03-05 17:04:12,NORMAL,0.4543,1
2025-03-05 17:07:12,SLOW,0.037,0
2025-03-05 17:10:13,SLOW,0.1564,1
2025-03-05 17:13:13,NORMAL,0.3793,2
2025-03-05 17:16:14,NORMAL,0.2225,2
2025-03-05 17:19:14,SLOW,0.1108,1
2025-03-05 17:22:15,SLOW,0.0455,0
2025-03-05 17:25:15,SLOW,0.1394,1
2025-03-05 17:28:16,SLOW,0.1824,2
2025-03-05 17:31:16,SLOW,0.1824,1
2025-03-05 17:34:17,SLOW,0.1727,1
2025-03-05 17:37:17,SLOW,0.1727,1
2025-03-05 17:40:17,SLOW,0.0752,0
2025-03-05 17:43:18,SLOW,0.1828,1
2025-03-05 17:46:18,SLOW,0.1516,1
2025-03-05 17:49:19,SLOW,0.1016,1
2025-03-05 17:52:19,SLOW,0.1016,1
2025-03-05 17:55:20,NORMAL,0.2185,1
2025-03-05 17:58:20,NORMAL,0.5826,2
2025-03-05 18:04:23,SLOW,0.1547,2
2025-03-05 18:07:23,SLOW,0.1547,1
2025-03-05 18:10:24,NORMAL,0.2045,1
2025-03-05 18:13:25,SLOW,0.1802,1
2025-03-05 18:16:26,SLOW,0.0836,0
2025-03-05 18:19:26,SLOW,0.1107,1
2025-03-05 18:22:27,NORMAL,0.241,2
2025-03-05 18:46:33,SLOW,0.194,1
2025-03-05 18:49:34,SLOW,0.1739,2
2025-03-05 18:52:34,NORMAL,0.3894,2
2025-03-05 19:10:39,NORMAL,0.4192,2
2025-03-05 19:13:40,NORMAL,0.2788,2
2025-03-05 19:16:40,NORMAL,0.2788,1
2025-03-05 19:19:41,SLOW,0.0981,0
2025-03-05 19:22:41,SLOW,0.043,0
2025-03-05 19:25:42,SLOW,0.1056,0
2025-03-05 19:28:42,SLOW,0.1232,0
2025-03-05 19:31:43,SLOW,0.1116,0
2025-03-05 19:34:43,SLOW,0.0866,0
2025-03-05 19:37:44,SLOW,0.0993,0
2025-03-05 19:40:44,SLOW,0.0558,0
2025-03-05 19:43:45,SLOW,0.1371,0
2025-03-05 19:46:45,SLOW,0.186,1
2025-03-05 19:49:45,NORMAL,0.3304,2
2025-03-05 19:52:46,NORMAL,0.2365,1
2025-03-05 19:55:46,SLOW,0.1488,0
2025-03-05 19:58:47,SLOW,0.1487,0
2025-03-05 20:01:47,SLOW,0.0926,0
2025-03-05 20:04:48,SLOW,0.1949,1
2025-03-05 20:07:48,NORMAL,0.4584,2
2025-03-05 20:22:53,NORMAL,0.2854,2
2025-03-05 20:25:53,SLOW,0.1481,1
2025-03-05 20:28:53,SLOW,0.0941,0
2025-03-05 20:31:54,SLOW,0.1393,0
2025-03-05 20:34:54,SLOW,0.066,0
2025-03-05 20:37:55,SLOW,0.1745,1
2025-03-05 20:40:55,SLOW,0.1745,2
2025-03-05 20:43:56,SLOW,0.1725,1
2025-03-05 20:46:56,SLOW,0.0884,0
2025-03-05 20:49:57,SLOW,0.1219,1
2025-03-05 20:52:57,SLOW,0.1641,1
2025-03-05 20:55:58,SLOW,0.0509,0
2025-03-05 20:58:58,SLOW,0.0514,0
2025-03-05 21:01:59,SLOW,0.1246,1
2025-03-05 21:04:59,SLOW,0.176,1
2025-03-05 21:08:00,SLOW,0.1032,0
2025-03-05 21:11:00,SLOW,0.0518,0
2025-03-05 21:14:01,SLOW,0.0794,0
2025-03-05 21:17:01,NORMAL,0.24,1
2025-03-05 21:20:01,NORMAL,0.2716,1
2025-03-05 21:29:05,NORMAL,0.3295,2
2025-03-05 21:32:05,SLOW,0.1018,1
2025-03-05 21:35:05,SLOW,0.1251,0
2025-03-05 21:38:06,SLOW,0.0825,0
2025-03-05 21:41:06,SLOW,0.05,0
2025-03-05 21:44:07,SLOW,0.0519,0
2025-03-05 21:47:07,SLOW,0.0786,0
2025-03-05 21:50:07,SLOW,0.1141,0
2025-03-05 21:53:08,SLOW,0.0592,0
2025-03-05 21:56:08,SLOW,0.1752,1
2025-03-05 21:59:09,SLOW,0.1159,1
2025-03-05 22:02:09,SLOW,0.1772,1
2025-03-05 22:05:10,SLOW,0.1627,1
2025-03-05 22:08:10,NORMAL,0.2306,1
2025-03-05 22:23:14,SLOW,0.0881,0
2025-03-05 22:26:15,SLOW,0.0954,0
2025-03-05 22:29:15,SLOW,0.0555,0
2025-03-05 22:32:16,SLOW,0.0555,0
2025-03-05 22:35:16,SLOW,0.0292,0
2025-03-05 22:38:16,SLOW,0.0092,0
2025-03-05 22:41:17,SLOW,0.0603,0
2025-03-05 22:44:17,SLOW,0.0603,0
2025-03-06 05:02:37,SLOW,0.0141,0
2025-03-06 05:05:37,SLOW,0.0131,0
2025-03-06 05:08:37,SLOW,0.0107,0
2025-03-06 05:11:37,SLOW,0.0078,0
2025-03-06 05:14:37,SLOW,0.017,0
2025-03-06 05:17:38,SLOW,0.0199,0
2025-03-06 05:20:38,SLOW,0.0267,0
2025-03-06 05:23:38,SLOW,0.0238,0
2025-03-06 05:26:38,SLOW,0.0214,0
2025-03-06 05:29:39,SLOW,0.0126,0
2025-03-06 05:32:39,SLOW,0.052,0
2025-03-06 05:35:39,SLOW,0.052,0
2025-03-06 05:38:39,SLOW,0.0253,0
2025-03-06 05:41:39,SLOW,0.0175,0
2025-03-06 05:44:40,SLOW,0.0175,0
2025-03-06 05:47:40,SLOW,0.0068,0
2025-03-06 05:50:40,SLOW,0.0335,0
2025-03-06 05:53:40,SLOW,0.0272,0
2025-03-06 05:56:41,SLOW,0.0248,0
2025-03-06 05:59:41,SLOW,0.0228,0
2025-03-06 06:02:41,SLOW,0.0248,0
2025-03-06 06:05:41,SLOW,0.0199,0
2025-03-06 06:08:41,SLOW,0.0204,0
2025-03-06 06:11:42,SLOW,0.0151,0
2025-03-06 06:14:42,SLOW,0.017,0
2025-03-06 06:17:42,SLOW,0.0413,0
2025-03-06 06:20:42,SLOW,0.0413,0
2025-03-06 06:23:43,SLOW,0.0165,0
2025-03-06 06:26:43,SLOW,0.0355,0
2025-03-06 06:29:43,SLOW,0.0355,0
2025-03-06 06:32:43,SLOW,0.0024,0
2025-03-06 06:35:43,SLOW,0.0126,0
2025-03-06 06:38:44,SLOW,0.0394,0
2025-03-06 06:41:44,SLOW,0.0267,0
2025-03-06 06:44:44,SLOW,0.0063,0
2025-03-06 06:47:44,SLOW,0.0647,0
2025-03-06 06:50:45,SLOW,0.0904,0
2025-03-06 06:53:45,SLOW,0.0321,0
2025-03-06 06:56:45,SLOW,0.037,0
2025-03-06 06:59:45,SLOW,0.0209,0
2025-03-06 07:02:45,SLOW,0.0681,0
2025-03-06 07:05:46,SLOW,0.0472,0
2025-03-06 07:08:46,SLOW,0.0107,0
2025-03-06 07:11:46,SLOW,0.0345,0
2025-03-06 07:14:46,SLOW,0.0895,0
2025-03-06 07:17:47,SLOW,0.0671,0
2025-03-06 07:20:47,SLOW,0.0646,0
2025-03-06 07:23:47,SLOW,0.0525,0
2025-03-06 07:26:47,SLOW,0.0185,0
2025-03-06 07:29:47,SLOW,0.0175,0
2025-03-06 07:32:48,SLOW,0.0204,0
2025-03-06 07:35:48,SLOW,0.0029,0
2025-03-06 07:38:48,SLOW,0.0102,0
2025-03-06 07:41:48,SLOW,0.0155,0
2025-03-06 07:44:48,SLOW,0.0126,0
2025-03-06 07:47:49,SLOW,0.0112,0
2025-03-06 07:50:49,SLOW,0.0287,0
2025-03-06 07:53:49,SLOW,0.0287,0
2025-03-06 07:56:49,SLOW,0.0097,0
2025-03-06 07:59:50,SLOW,0.0058,0
2025-03-06 08:02:50,SLOW,0.0374,0
2025-03-06 08:05:50,SLOW,0.0355,0
2025-03-06 08:08:50,SLOW,0.0325,0
2025-03-06 08:11:50,SLOW,0.0267,0
2025-03-06 08:14:51,SLOW,0.0583,0
2025-03-06 08:17:51,SLOW,0.0831,0
2025-03-06 08:20:51,SLOW,0.0515,0
2025-03-06 08:23:51,SLOW,0.0753,0
2025-03-06 08:26:51,SLOW,0.0593,0
2025-03-06 08:29:52,SLOW,0.0963,0
2025-03-06 08:32:52,SLOW,0.0369,0
2025-03-06 08:35:52,SLOW,0.0452,0
2025-03-06 08:38:52,SLOW,0.0559,0
2025-03-06 08:41:53,SLOW,0.0258,0
2025-03-06 08:44:53,SLOW,0.1383,1
2025-03-06 08:47:53,SLOW,0.1232,1
2025-03-06 08:50:53,SLOW,0.0292,0
2025-03-06 08:53:53,SLOW,0.097,0
2025-03-06 08:56:54,SLOW,0.1195,0
2025-03-06 08:59:54,SLOW,0.0795,0
2025-03-06 09:02:54,SLOW,0.1069,0
2025-03-06 09:05:54,SLOW,0.0952,0
2025-03-06 09:08:55,SLOW,0.0952,0
2025-03-06 09:11:55,SLOW,0.149,0
2025-03-06 09:14:55,SLOW,0.1515,0
2025-03-06 09:17:55,SLOW,0.0709,0
2025-03-06 09:20:55,SLOW,0.0709,0
2025-03-06 09:23:56,SLOW,0.0259,0
2025-03-06 09:26:56,SLOW,0.1174,1
2025-03-06 09:29:56,SLOW,0.1174,1
2025-03-06 09:32:56,SLOW,0.1135,0
2025-03-06 09:35:57,SLOW,0.0831,0
2025-03-06 09:38:57,SLOW,0.0831,0
2025-03-06 09:41:57,SLOW,0.1067,1
2025-03-06 09:44:57,SLOW,0.1468,1
2025-03-06 09:47:57,SLOW,0.0573,0
2025-03-06 09:50:58,SLOW,0.1038,1
2025-03-06 09:53:58,SLOW,0.1038,1
2025-03-06 09:56:58,SLOW,0.0769,0
2025-03-06 09:59:58,SLOW,0.1564,0
2025-03-06 10:02:59,SLOW,0.0956,0
2025-03-06 10:05:59,SLOW,0.1544,0
2025-03-06 10:08:59,SLOW,0.0695,0
2025-03-06 10:11:59,SLOW,0.0607,0
2025-03-06 10:14:59,SLOW,0.1568,0
2025-03-06 10:18:00,SLOW,0.1172,0
2025-03-06 10:21:00,SLOW,0.0726,0
2025-03-06 10:24:00,SLOW,0.0515,0
2025-03-06 10:27:00,SLOW,0.0711,0
2025-03-06 10:30:01,NORMAL,0.2098,1
2025-03-06 10:33:01,SLOW,0.1386,1
2025-03-06 10:36:01,SLOW,0.1007,0
2025-03-06 10:39:01,SLOW,0.0368,0
2025-03-06 10:42:01,SLOW,0.0476,0
2025-03-06 10:45:02,SLOW,0.0662,0
2025-03-06 10:48:02,SLOW,0.0736,0
2025-03-06 10:51:02,SLOW,0.1709,0
2025-03-06 10:54:02,SLOW,0.11,0
2025-03-06 10:57:02,SLOW,0.0275,0
2025-03-06 11:00:03,SLOW,0.0344,0
2025-03-06 11:03:03,SLOW,0.0959,0
2025-03-06 11:06:03,SLOW,0.0959,0
2025-03-06 11:09:03,SLOW,0.115,0
2025-03-06 11:49:25,SLOW,0.0079,0
2025-03-06 11:49:55,SLOW,0.0054,0
2025-03-06 11:50:25,SLOW,0.0231,0
2025-03-06 11:50:56,SLOW,0.0383,0
2025-03-06 11:51:26,SLOW,0.0398,0
2025-03-06 16:04:56,SLOW,0.1087,1
2025-03-06 16:07:56,NORMAL,0.4037,1
2025-03-06 16:10:57,NORMAL,0.5223,2
2025-03-06 16:13:57,SLOW,0.1998,1
2025-03-06 16:16:58,SLOW,0.0663,0
2025-03-06 16:19:59,SLOW,0.0531,0
2025-03-06 16:22:59,NORMAL,0.2068,1
2025-03-06 16:26:00,NORMAL,0.3669,2
2025-03-06 21:36:00,NORMAL,0.2765,2
2025-03-06 21:45:03,SLOW,0.1367,1
2025-03-06 21:48:04,NORMAL,0.2809,2
2025-03-06 21:51:05,SLOW,0.1715,1
2025-03-06 21:54:05,NORMAL,0.2639,1
2025-03-06 21:57:06,SLOW,0.1933,1
2025-03-06 22:00:07,SLOW,0.0534,0
2025-03-06 22:03:07,SLOW,0.0459,0
2025-03-06 22:06:08,SLOW,0.1058,1
2025-03-06 22:09:09,NORMAL,0.2271,2
2025-03-06 22:12:09,SLOW,0.1211,1
2025-03-06 22:15:10,SLOW,0.0423,0
2025-03-06 22:18:11,NORMAL,0.239,1
2025-03-06 22:42:19,SLOW,0.0328,0
2025-03-06 22:45:20,SLOW,0.0457,0
2025-03-06 22:48:20,SLOW,0.0283,0
2025-03-06 22:51:21,SLOW,0.0462,0
2025-03-07 01:30:09,NORMAL,0.2208,1
2025-03-07 01:33:11,SLOW,0.1586,1
2025-03-07 01:36:12,SLOW,0.0975,0
2025-03-07 01:39:12,SLOW,0.0771,0
2025-03-07 01:42:13,SLOW,0.0398,0
2025-03-07 01:45:14,SLOW,0.1381,1
2025-03-07 01:48:14,SLOW,0.1381,1
2025-03-07 01:51:15,SLOW,0.0561,0
2025-03-07 01:54:16,SLOW,0.0735,0
2025-03-07 01:57:18,SLOW,0.0735,0
2025-03-07 02:00:19,SLOW,0.0834,0
2025-03-07 02:03:20,SLOW,0.082,0
2025-03-07 02:06:20,SLOW,0.0676,0
2025-03-07 02:09:21,SLOW,0.0701,0
2025-03-07 02:12:22,SLOW,0.1943,1
2025-03-07 02:15:22,SLOW,0.139,1
2025-03-07 02:18:23,SLOW,0.0422,0
2025-03-07 02:21:24,SLOW,0.0332,0
2025-03-07 02:24:24,SLOW,0.0759,0
2025-03-07 02:27:26,SLOW,0.0427,0
2025-03-07 02:30:27,SLOW,0.0203,0
2025-03-07 02:33:27,SLOW,0.0313,0
2025-03-07 02:36:28,SLOW,0.0799,0
2025-03-07 02:39:29,SLOW,0.0536,0
2025-03-07 02:42:30,SLOW,0.0333,0
2025-03-07 02:45:30,SLOW,0.0243,0
2025-03-07 02:48:31,SLOW,0.0447,0
2025-03-07 02:51:31,SLOW,0.0511,0
2025-03-07 02:54:32,SLOW,0.0065,0
2025-03-07 02:57:33,SLOW,0.0397,0
2025-03-07 03:00:33,SLOW,0.0546,0
2025-03-07 03:03:34,SLOW,0.0799,0
2025-03-07 03:06:35,SLOW,0.0819,0
2025-03-07 03:09:35,SLOW,0.0209,0
2025-03-07 03:12:36,SLOW,0.0209,0
2025-03-07 03:15:37,SLOW,0.0526,0
2025-03-07 03:18:37,SLOW,0.1092,0
2025-03-07 03:21:38,SLOW,0.0566,0
2025-03-07 03:24:39,SLOW,0.0258,0
2025-03-07 03:27:39,SLOW,0.0337,0
2025-03-07 03:30:40,SLOW,0.0457,0
2025-03-07 03:33:41,SLOW,0.0526,0
2025-03-07 03:36:41,SLOW,0.0467,0
2025-03-07 03:39:42,SLOW,0.0645,0
2025-03-07 03:42:43,SLOW,0.0645,0
2025-03-07 03:45:43,SLOW,0.0238,0
2025-03-07 03:48:44,SLOW,0.0397,0
2025-03-07 03:51:45,SLOW,0.0159,0
2025-03-07 03:54:45,SLOW,0.0109,0
2025-03-07 03:57:46,SLOW,0.0089,0
2025-03-07 04:00:47,SLOW,0.0263,0
2025-03-07 04:03:47,SLOW,0.0174,0
2025-03-07 04:06:48,SLOW,0.0223,0
2025-03-07 04:09:49,SLOW,0.0223,0
2025-03-07 04:12:49,SLOW,0.0104,0
2025-03-07 04:15:50,SLOW,0.0412,0
2025-03-07 04:18:51,SLOW,0.0432,0
2025-03-07 04:21:51,SLOW,0.0407,0
2025-03-07 04:24:52,SLOW,0.084,0
2025-03-07 04:27:53,SLOW,0.0875,0
2025-03-07 04:30:53,SLOW,0.0944,0
2025-03-07 04:33:54,SLOW,0.0536,0
2025-03-07 04:36:55,SLOW,0.0536,0
2025-03-07 04:39:55,SLOW,0.0089,0
2025-03-07 04:42:56,SLOW,0.0258,0
2025-03-07 04:45:57,SLOW,0.0243,0
2025-03-07 04:48:57,SLOW,0.0159,0
2025-03-07 04:51:58,SLOW,0.0263,0
2025-03-07 04:54:59,SLOW,0.0214,0
2025-03-07 04:57:59,SLOW,0.0159,0
2025-03-07 05:01:00,SLOW,0.0159,0
2025-03-07 05:04:01,SLOW,0.0154,0
2025-03-07 05:07:01,SLOW,0.0248,0
2025-03-07 05:10:02,SLOW,0.077,0
2025-03-07 05:13:03,SLOW,0.0521,0
2025-03-07 05:16:03,SLOW,0.0402,0
2025-03-07 05:19:04,SLOW,0.0462,0
2025-03-07 05:22:05,SLOW,0.0248,0
2025-03-07 05:25:05,SLOW,0.0224,0
2025-03-07 05:28:06,SLOW,0.0229,0
2025-03-07 05:31:07,SLOW,0.0353,0
2025-03-07 05:34:07,SLOW,0.0512,0
2025-03-07 05:37:08,SLOW,0.0512,0
2025-03-07 05:40:09,SLOW,0.0089,0
2025-03-07 05:43:09,SLOW,0.0199,0
2025-03-07 05:46:10,SLOW,0.0427,0
2025-03-07 05:49:11,SLOW,0.0228,0
2025-03-07 05:52:11,SLOW,0.0124,0
2025-03-07 05:55:12,SLOW,0.0124,0
2025-03-07 05:58:13,SLOW,0.0179,0
2025-03-07 06:01:13,SLOW,0.0214,0
2025-03-07 06:04:14,SLOW,0.0214,0
2025-03-07 06:07:15,SLOW,0.0417,0
2025-03-07 06:10:15,SLOW,0.0397,0
2025-03-07 06:13:17,SLOW,0.0527,0
2025-03-07 06:16:18,SLOW,0.0686,0
2025-03-07 06:19:18,SLOW,0.0621,0
2025-03-07 06:22:19,SLOW,0.1168,0
2025-03-07 06:25:20,SLOW,0.0546,0
2025-03-07 06:28:20,SLOW,0.073,0
2025-03-07 06:31:21,SLOW,0.0383,0
2025-03-07 06:34:22,SLOW,0.0432,0
2025-03-07 06:37:22,SLOW,0.0348,0
2025-03-07 06:40:23,SLOW,0.0298,0
2025-03-07 06:43:24,SLOW,0.0174,0
2025-03-07 06:46:25,SLOW,0.0323,0
2025-03-07 06:49:25,SLOW,0.0482,0
2025-03-07 06:52:26,SLOW,0.0641,0
2025-03-07 06:55:26,SLOW,0.0557,0
2025-03-07 06:58:27,SLOW,0.0472,0
2025-03-07 07:01:28,SLOW,0.0373,0
2025-03-07 07:04:28,SLOW,0.0363,0
2025-03-07 07:07:29,SLOW,0.109,0
2025-03-07 07:10:30,SLOW,0.0727,0
2025-03-07 07:13:30,SLOW,0.0109,0
2025-03-07 07:16:31,SLOW,0.0229,0
2025-03-07 07:19:32,SLOW,0.0289,0
2025-03-07 07:22:32,SLOW,0.0677,0
2025-03-07 07:25:33,SLOW,0.0388,0
2025-03-07 07:28:34,SLOW,0.0333,0
2025-03-07 07:31:34,SLOW,0.0154,0
2025-03-07 07:34:35,SLOW,0.0279,0
2025-03-07 07:37:36,SLOW,0.0438,0
2025-03-07 07:40:36,SLOW,0.0602,0
2025-03-07 07:43:37,SLOW,0.0408,0
2025-03-07 07:46:38,SLOW,0.0294,0
2025-03-07 07:49:38,SLOW,0.0249,0
2025-03-07 07:52:39,SLOW,0.0249,0
2025-03-07 07:55:40,SLOW,0.0752,0
2025-03-07 07:58:40,SLOW,0.0563,0
2025-03-07 08:01:41,SLOW,0.0399,0
2025-03-07 08:04:42,SLOW,0.134,1
2025-03-07 08:07:42,SLOW,0.1618,1
2025-03-07 08:10:43,SLOW,0.0855,0
2025-03-07 08:13:44,SLOW,0.0587,0
2025-03-07 08:16:44,SLOW,0.0437,0
2025-03-07 08:19:45,SLOW,0.0626,0
2025-03-07 08:22:46,SLOW,0.0696,0
2025-03-07 08:25:46,SLOW,0.0159,0
2025-03-07 08:28:47,SLOW,0.0388,0
2025-03-07 08:31:48,SLOW,0.0621,0
2025-03-07 08:34:48,SLOW,0.0577,0
2025-03-07 08:37:49,SLOW,0.0577,0
2025-03-07 08:40:50,SLOW,0.0442,0
2025-03-07 08:43:50,SLOW,0.1493,1
2025-03-07 08:46:51,SLOW,0.105,1
2025-03-07 08:49:52,SLOW,0.112,0
2025-03-07 08:52:52,SLOW,0.1577,0
2025-03-07 08:55:53,SLOW,0.0751,0
2025-03-07 08:58:54,SLOW,0.0517,0
2025-03-07 09:01:54,SLOW,0.0517,0
2025-03-07 09:04:55,SLOW,0.0273,0
2025-03-07 09:07:55,SLOW,0.0174,0
2025-03-07 09:10:56,SLOW,0.0477,0
2025-03-07 09:13:57,SLOW,0.0775,0
2025-03-07 09:16:57,SLOW,0.0775,0
2025-03-07 09:19:58,SLOW,0.1198,0
2025-03-07 09:22:59,SLOW,0.0571,0
2025-03-07 09:25:59,SLOW,0.0899,0
2025-03-07 09:29:00,SLOW,0.0437,0
2025-03-07 09:32:01,SLOW,0.0323,0
2025-03-07 09:35:01,SLOW,0.1024,1
2025-03-07 09:38:02,SLOW,0.1024,1
2025-03-07 09:41:03,SLOW,0.1397,0
2025-03-07 09:44:03,SLOW,0.0721,0
2025-03-07 09:47:04,SLOW,0.0403,0
2025-03-07 09:50:05,SLOW,0.1024,0
2025-03-07 09:53:05,SLOW,0.0621,0
2025-03-07 09:56:06,SLOW,0.0751,0
2025-03-07 09:59:07,SLOW,0.0741,0
2025-03-07 10:02:07,SLOW,0.0646,0
2025-03-07 10:05:08,SLOW,0.0556,0
2025-03-07 10:08:09,SLOW,0.1162,0
2025-03-07 10:11:09,SLOW,0.15,0
2025-03-07 10:14:10,SLOW,0.0729,0
2025-03-07 10:17:11,SLOW,0.0248,0
2025-03-07 10:20:11,SLOW,0.0174,0
2025-03-07 10:23:12,SLOW,0.0372,0
2025-03-07 10:26:13,SLOW,0.0461,0
2025-03-07 10:29:13,SLOW,0.0893,0
2025-03-07 10:32:14,SLOW,0.0432,0
2025-03-07 10:35:15,SLOW,0.0685,0
2025-03-07 10:38:15,SLOW,0.0436,0
2025-03-07 12:32:02,SLOW,0.0223,0
2025-03-07 12:35:02,SLOW,0.0144,0
2025-03-07 12:38:03,SLOW,0.0581,0
2025-03-07 12:41:04,SLOW,0.0551,0
2025-03-07 12:44:04,SLOW,0.0203,0
2025-03-07 12:47:05,SLOW,0.0561,0
2025-03-07 12:50:06,SLOW,0.0417,0
2025-03-07 12:53:06,SLOW,0.0343,0
2025-03-07 12:56:07,SLOW,0.0283,0
