Timestamp,Open,Close,High,Low,ATR,MACD,Signal Line,B/S
151,16799.8,16805.4,16805.4,16799.8,17262.007142857143,391.91,0.0,0,2.19,0
154,16801.8,16793.9,16803.1,16791.9,16916.707142857143,480.25,0.0,0,2.42,0
183,16634.1,16636.1,16639.8,16632.4,16101.585714285715,28.78,0.0,0,3.55,0
184,16636.2,16637.4,16639.1,16630.4,16097.114285714286,28.41,0.0,0,3.83,0
187,16662.4,16651.9,16663.8,16644.6,16052.471428571429,17.54,0.0,0,6.26,0
223,16592.4,16588.0,16596.4,16583.9,15277.5,34.35,0.0,0,4.59,0
229,16608.6,16606.3,16612.7,16603.3,15455.214285714286,11.18,24.95,1,3.43,1
289,16475.1,16473.3,16480.8,16471.5,16244.121428571429,45.37,25.09,0,2.06,0
375,16384.7,16378.5,16390.1,16377.0,15187.757142857143,30.52,23.02,0,5.22,0
518,16349.4,16356.7,16365.9,16347.1,15227.735714285713,11.34,13.66,1,5.42,1
587,16224.6,16227.5,16229.8,16221.2,15917.585714285715,39.83,12.42,0,2.39,0
686,16345.1,16340.9,16351.8,16334.0,15333.064285714285,5.64,-1.7,0,6.71,0
719,16306.7,16304.2,16307.5,16304.2,15977.135714285714,50.52,24.37,0,1.34,0
799,16503.0,16505.1,16512.2,16498.6,15311.785714285714,3.21,14.65,1,3.29,1
951,16675.2,16664.6,16677.9,16661.7,15548.828571428572,2.11,12.51,1,6.74,1
972,16686.3,16693.0,16696.5,16686.2,15488.414285714285,-22.69,8.27,1,7.83,1
995,16677.7,16674.9,16684.3,16665.8,15409.435714285715,-4.36,5.91,1,10.55,1
1091,16719.3,16727.1,16733.6,16715.6,15597.292857142858,25.2,1.8,0,6.98,0
1157,16853.8,16859.7,16861.1,16853.1,16625.14285714286,80.67,9.16,0,2.51,0
1162,16855.6,16853.0,16856.8,16852.7,16576.15,15.67,10.66,0,2.08,0
1164,16859.8,16869.8,16870.0,16859.8,16556.942857142858,-8.17,12.28,1,2.76,1
1234,16666.0,16636.4,16673.1,16627.4,15059.478571428572,65.28,-5.52,0,14.85,0
1238,16662.5,16670.9,16678.6,16656.0,15139.092857142856,62.66,18.65,0,11.07,0
1269,16802.4,16812.5,16814.6,16800.4,15668.699999999999,-17.01,23.73,1,8.6,1
1284,16821.0,16820.1,16825.2,16812.3,15634.07142857143,-14.14,15.2,1,5.55,1
1363,16837.9,16817.4,16842.4,16811.3,15082.221428571429,-95.09,-11.52,1,9.95,1
1380,16788.5,16782.2,16794.0,16777.4,15401.514285714287,40.66,-21.4,0,8.77,0
1381,16782.3,16790.3,16798.2,16782.3,15428.171428571428,41.08,-15.43,0,8.66,0
1384,16810.7,16801.2,16819.5,16800.8,15487.564285714285,39.45,-9.43,0,8.31,0
1391,16821.4,16813.3,16824.5,16805.0,15623.292857142858,42.18,3.51,0,6.3,0
1507,16863.1,16857.9,16866.9,16835.7,15034.521428571428,-109.73,14.57,1,10.97,1
1508,16858.6,16872.7,16883.5,16856.5,15096.792857142858,-115.38,-2.76,1,10.58,1
1519,16877.9,16860.2,16880.0,16842.9,15217.207142857142,-25.3,-10.14,1,14.21,1
1537,16766.4,16771.7,16775.1,16763.1,15453.135714285714,63.78,10.0,0,5.44,0
1596,16736.8,16725.6,16742.4,16724.8,16293.25,32.09,37.61,1,3.53,1
1825,16849.0,16852.0,16855.0,16827.2,15561.6,31.28,-2.2,0,9.82,0
1837,16903.5,16908.2,16911.0,16901.2,15623.028571428571,18.53,2.94,0,9.24,0
1856,16963.7,16978.2,16978.3,16956.7,15834.664285714285,-28.42,12.07,1,5.42,1
2097,17353.2,17364.5,17365.9,17352.5,15962.907142857144,45.6,16.96,0,5.89,0
2411,17584.3,17589.3,17595.1,17579.5,16468.985714285714,-3.77,10.11,1,9.68,1
2432,17524.7,17535.6,17539.9,17523.2,16373.492857142857,19.9,8.75,0,8.12,0
2452,17501.7,17506.5,17507.1,17500.6,17125.6,93.89,18.72,0,3.67,0
2459,17497.2,17499.5,17500.5,17494.7,17143.542857142857,37.46,23.05,0,2.22,0
2516,17578.4,17600.9,17605.2,17574.2,15950.15,-71.79,2.49,1,8.83,1
2558,17432.1,17450.5,17456.3,17430.4,16104.335714285715,10.69,6.72,0,9.18,0
2572,17495.7,17472.7,17500.2,17472.1,16278.485714285713,33.6,8.24,0,8.44,0
2573,17472.4,17479.6,17485.1,17472.2,16289.714285714286,30.46,9.61,0,8.52,0
2580,17519.9,17499.7,17532.4,17496.4,16332.542857142858,3.82,-0.4,0,7.52,0
2581,17499.0,17482.2,17502.2,17481.5,16374.857142857143,-0.81,-4.65,0,7.52,0
2606,17413.6,17413.3,17417.8,17412.8,17030.385714285712,29.9,13.48,0,4.39,0
2662,17496.0,17501.3,17504.4,17488.7,15918.857142857143,-47.47,13.79,1,7.28,1
2708,17431.0,17444.2,17446.2,17430.2,16414.442857142858,22.57,12.66,0,7.05,0
2761,17463.6,17466.2,17466.3,17457.6,17226.65,-0.98,8.13,1,1.8,1
2821,17467.2,17467.9,17469.9,17464.9,16368.785714285714,26.34,10.23,0,3.5,0
3105,17230.8,17232.2,17244.8,17225.2,15872.95,53.23,43.55,0,6.48,0
3167,17157.6,17158.4,17162.2,17156.0,16505.407142857144,161.44,80.15,0,4.09,0
3168,17235.3,17243.8,17245.3,17230.4,16592.214285714286,153.5,91.3,0,3.61,0
3169,17243.5,17242.1,17246.9,17241.4,16688.214285714286,149.18,105.5,0,3.8,0
3193,17242.8,17254.8,17258.3,17242.5,16895.557142857142,-4.16,112.64,1,3.44,1
3254,17287.8,17283.1,17294.8,17276.0,15887.57142857143,31.72,67.75,1,11.86,1
3272,17251.1,17257.3,17261.1,17245.4,16007.0,-11.24,10.46,1,16.65,1
3278,17307.0,17286.6,17313.4,17279.8,16052.742857142857,-3.02,10.75,1,12.12,1
3287,17325.1,17336.7,17340.6,17325.1,16210.792857142855,7.52,9.59,1,6.57,1
3333,17524.2,17521.3,17524.3,17517.8,17211.42142857143,17.64,23.48,1,1.95,1
3334,17520.9,17524.4,17525.2,17519.4,17212.0,14.95,25.04,1,1.86,1
3381,17560.7,17551.7,17573.4,17548.4,15806.100000000002,-79.96,-6.05,1,13.15,1
3469,17621.9,17623.3,17625.5,17617.5,17277.792857142857,14.12,4.92,0,3.97,0
3683,17504.7,17497.7,17510.0,17497.0,16139.050000000001,33.3,13.66,0,9.76,0
3684,17498.3,17495.9,17508.2,17483.7,16133.064285714285,30.74,15.5,0,10.01,0
3685,17496.2,17500.2,17505.3,17490.9,16141.992857142857,27.6,14.04,0,9.75,0
3706,17536.4,17529.3,17537.0,17528.3,16421.457142857143,22.98,17.56,0,5.96,0
3756,17577.3,17579.5,17579.6,17573.1,17280.364285714288,8.16,18.74,1,2.64,1
4057,17846.6,17843.9,17847.7,17841.0,17558.957142857143,-5.2,8.9,1,2.43,1
4302,17895.2,17893.9,17898.9,17889.8,16760.335714285717,31.14,12.95,0,5.7,0
4303,17893.7,17887.3,17898.2,17886.5,16787.207142857143,33.76,16.92,0,5.57,0
4304,17888.2,17890.8,17892.3,17883.3,16797.928571428572,34.6,19.86,0,3.83,0
4312,17846.7,17840.3,17847.5,17834.0,17058.3,46.31,25.42,0,5.3,0
4416,17604.0,17603.7,17609.7,17595.6,16455.057142857146,37.31,7.76,0,10.89,0
4474,17713.0,17715.1,17717.1,17712.1,17395.135714285712,13.28,21.68,1,1.86,1
4560,17702.8,17711.4,17717.3,17692.5,16556.55,30.17,12.01,0,7.77,0
4561,17711.6,17691.8,17713.4,17691.6,16570.35,24.23,12.27,0,8.02,0
4579,17708.2,17714.9,17723.1,17703.2,16592.60714285714,-6.01,15.99,1,7.04,1
4592,17776.9,17783.1,17786.2,17774.5,16677.464285714286,-5.22,11.78,1,4.96,1
4602,17802.0,17801.2,17805.1,17799.2,16955.85714285714,-11.39,-1.04,1,4.66,1
4706,17816.0,17821.9,17831.8,17812.5,16711.442857142858,13.87,0.35,0,7.93,0
4766,17954.5,17957.9,17960.2,17954.0,17709.042857142857,-15.28,-0.66,1,1.75,1
4834,17790.7,17804.7,17807.6,17782.6,16460.12857142857,23.31,-1.11,0,6.12,0
4835,17805.0,17815.6,17830.5,17801.5,16485.364285714288,18.39,-2.35,0,6.13,0
4836,17815.5,17823.5,17825.2,17809.8,16513.65,13.4,-2.85,0,5.13,0
4895,17658.2,17657.0,17660.1,17656.6,17162.5,100.01,20.86,0,3.57,0
4906,17577.0,17567.6,17578.9,17566.6,17171.964285714286,66.99,32.64,0,4.16,0
4977,17488.9,17484.9,17496.1,17484.1,16117.514285714287,49.21,41.68,0,11.92,0
5122,17433.2,17448.3,17450.4,17433.2,16220.42857142857,48.08,19.58,0,7.17,0
5139,17412.0,17417.8,17427.5,17411.8,16172.721428571429,9.9,31.12,1,6.87,1
5191,17831.9,17832.1,17833.8,17823.9,17102.07857142857,-61.37,-0.35,1,5.94,1
5192,17832.3,17839.6,17840.9,17831.6,17197.585714285717,-51.34,-11.4,1,5.9,1
5278,17940.9,17957.4,17958.6,17940.9,16845.992857142857,15.09,6.62,0,4.74,0
5284,17965.3,17961.4,17969.4,17959.4,16943.942857142858,6.57,13.13,1,5.15,1
5475,17938.0,17940.5,17942.0,17937.0,17685.714285714286,105.12,32.55,0,2.55,0
5697,17931.4,17939.3,17941.9,17928.4,16700.907142857144,34.61,25.17,0,4.81,0
5972,17996.6,17970.5,17998.4,17965.1,16511.614285714288,-73.31,-8.0,1,16.94,1
5973,17969.6,17994.6,18000.4,17959.3,16529.87142857143,-60.12,-14.95,1,16.12,1
5991,17955.8,17957.6,17961.9,17949.0,16623.27857142857,24.94,-16.54,0,10.25,0
6007,18000.5,17999.0,18007.5,17994.5,16971.37857142857,15.12,-12.36,0,5.01,0
6008,17999.1,17990.5,18000.0,17984.9,16991.321428571428,13.32,-10.97,0,3.22,0
6011,17999.8,17999.8,18004.6,17998.5,17042.207142857143,1.92,7.63,1,3.67,1
6076,18047.1,18037.6,18051.1,18035.9,17648.507142857143,19.46,14.61,0,3.15,0
6135,18213.6,18216.3,18219.5,18210.0,17095.09285714286,7.63,14.23,1,6.76,1
6343,18098.7,18104.9,18105.1,18098.7,17854.885714285712,108.93,29.57,0,4.03,0
6346,18104.1,18102.7,18106.9,18099.7,17786.27857142857,76.93,35.68,0,3.74,0
6490,18029.7,18032.3,18037.3,18029.7,17662.457142857143,1.11,30.52,1,3.26,1
6504,18013.5,18010.2,18019.5,18006.1,17649.678571428572,-1.47,30.16,1,2.9,1
6505,18010.5,18037.2,18038.3,18008.3,17632.67142857143,1.14,30.5,1,7.62,1
6575,18094.8,18104.4,18106.8,18089.1,16931.485714285714,-10.06,9.68,1,5.62,1
6649,18091.5,18086.4,18096.0,18086.4,17705.0,-7.75,17.07,1,2.42,1
6769,18316.9,18309.8,18316.9,18299.7,17607.178571428572,74.6,18.75,0,10.13,0
6792,18273.4,18268.5,18273.4,18261.5,17856.378571428573,-1.2,9.54,1,4.45,1
6836,18363.6,18372.0,18380.6,18342.6,16665.264285714286,-66.95,-9.33,1,8.86,1
6860,18158.0,18149.5,18166.9,18138.6,16350.042857142855,56.63,1.24,0,15.01,0
6866,18073.8,18052.3,18080.9,18049.4,16365.314285714285,55.42,13.71,0,16.25,0
6869,18039.5,18039.5,18058.6,18035.1,16436.7,59.02,41.16,0,14.85,0
6870,18039.3,18015.4,18052.6,18015.4,16442.14285714286,60.81,45.68,0,14.35,0
6901,18054.8,18046.8,18056.1,18045.5,16623.014285714286,-8.99,37.1,1,15.02,1
6902,18046.9,18043.3,18053.0,18037.0,16675.07857142857,4.01,30.79,1,15.8,1
6911,18038.8,18035.2,18040.0,18034.8,17522.12857142857,114.03,33.8,0,1.25,0
6915,18006.1,18005.2,18008.8,18001.2,17770.05,145.16,53.46,0,3.01,0
6991,17971.0,17954.2,17978.2,17949.5,16721.95,40.96,62.83,1,10.87,1
7006,17934.0,17941.1,17946.4,17931.1,16797.092857142856,4.94,27.57,1,6.55,1
7069,18032.4,18031.4,18035.4,18028.5,17689.67142857143,-5.8,20.13,1,2.5,1
7070,18031.1,18028.3,18031.5,18026.4,17678.214285714286,-3.0,16.38,1,2.37,1
7101,18139.2,18148.6,18156.1,18136.7,16345.228571428572,-31.27,-5.57,1,20.26,1
7111,18194.0,18187.5,18195.7,18173.2,16793.52857142857,-23.25,-15.59,1,7.89,1
7113,18174.6,18146.5,18175.8,18140.5,16826.685714285715,-14.35,-20.15,0,8.44,0
7114,18146.1,18153.2,18157.8,18127.2,16830.942857142858,-18.46,-21.55,0,8.48,0
7138,18142.7,18141.2,18149.3,18133.7,16946.285714285714,16.39,-0.27,0,8.44,0
7142,18154.5,18158.2,18166.0,18151.9,17045.35714285714,9.57,2.74,0,6.1,0
7157,18184.6,18201.1,18206.3,18183.4,17245.592857142856,-13.16,2.87,1,11.04,1
7158,18201.4,18206.1,18209.8,18195.9,17247.64285714286,-13.28,3.45,1,11.14,1
7174,18211.1,18212.5,18213.8,18208.5,17672.47142857143,30.52,8.32,0,1.78,0
7248,18047.8,18066.9,18066.9,18045.9,16810.164285714283,35.75,21.22,0,5.96,0
7261,18094.3,18094.6,18100.9,18089.5,17083.47857142857,31.23,22.87,0,4.42,0
7316,18160.1,18160.6,18162.9,18158.5,17891.414285714283,73.75,30.0,0,1.78,0
7386,17999.3,17998.5,18009.9,17992.0,16603.678571428572,24.57,27.13,1,9.86,1
7392,18022.9,18014.7,18033.2,18007.3,16703.60714285714,35.06,20.0,0,12.43,0
7400,17990.2,17983.3,17999.1,17982.6,16795.82857142857,33.81,24.67,0,8.53,0
7443,18001.5,18002.1,18004.3,18000.7,17505.12857142857,57.52,30.88,0,3.03,0
7445,18049.9,18052.0,18057.4,18047.6,17641.035714285714,81.12,37.33,0,3.43,0
7446,18052.1,18055.1,18058.2,18050.4,17692.52142857143,85.09,44.56,0,3.24,0
7454,18070.0,18069.6,18071.1,18065.6,17711.821428571428,33.12,48.2,1,3.16,1
7455,18069.5,18059.7,18070.9,18058.9,17700.85714285714,21.73,46.25,1,3.55,1
7456,18059.6,18057.4,18059.6,18053.0,17694.07857142857,5.87,43.0,1,3.61,1
7469,18026.1,18022.0,18030.1,18016.2,17641.257142857143,-2.82,36.64,1,3.19,1
7510,17853.8,17833.5,17861.3,17832.9,16365.028571428571,36.46,28.75,0,9.29,0
7513,17825.4,17808.7,17831.5,17807.6,16436.842857142856,37.29,22.25,0,6.55,0
7517,17815.5,17806.9,17819.6,17805.4,16502.14285714286,47.89,23.89,0,6.76,0
7528,17765.0,17766.1,17781.9,17764.7,16605.385714285712,44.32,26.4,0,6.95,0
7564,17810.9,17822.9,17830.8,17810.0,16628.45,-15.67,24.0,1,5.02,1
7648,18043.6,18031.9,18043.6,18017.3,16756.15,29.6,11.8,0,6.69,0
7777,17907.1,17905.1,17913.4,17900.0,16589.192857142858,31.82,28.92,0,7.52,0
7789,17976.3,18004.4,18005.8,17972.9,16820.10714285714,4.07,26.84,1,11.27,1
7790,18003.6,18001.8,18009.2,17994.8,16818.485714285714,1.64,23.74,1,11.41,1
7800,18014.9,18022.6,18025.2,18007.1,16822.05,-42.8,15.65,1,6.32,1
7810,18017.1,18022.0,18025.0,18012.6,16994.25,6.58,16.41,1,4.77,1
7910,18028.9,18026.6,18035.4,18025.1,17023.264285714286,45.62,14.61,0,4.52,0
7911,18026.3,18019.3,18026.8,18012.3,17047.32857142857,42.76,13.36,0,4.38,0
7986,18360.6,18365.0,18366.5,18359.1,18032.12142857143,11.4,63.29,1,2.02,1
7987,18365.1,18371.1,18373.6,18364.7,18019.428571428572,-0.3,56.9,1,2.21,1
7988,18371.2,18377.6,18377.7,18368.2,18005.9,-13.44,47.88,1,2.38,1
8045,18441.1,18445.4,18459.2,18439.7,17104.814285714285,25.26,19.83,0,6.98,0
8094,18333.0,18315.7,18333.0,18312.5,17231.414285714283,15.03,11.95,0,5.42,0
8103,18334.8,18335.2,18337.0,18334.3,17682.05,45.4,8.02,0,5.22,0
8309,18304.9,18316.8,18320.8,18303.6,17173.635714285716,18.8,5.57,0,4.2,0
8397,18383.3,18381.5,18386.1,18377.1,18040.942857142858,-7.66,13.63,1,2.2,1
8398,18380.8,18372.8,18381.2,18371.3,18036.935714285715,-5.94,15.9,1,2.36,1
8451,18331.6,18324.2,18332.3,18322.9,17295.27857142857,26.75,16.07,0,6.26,0
8574,18190.6,18200.6,18205.0,18185.9,16886.464285714286,59.28,18.53,0,4.88,0
8578,18173.8,18190.0,18195.4,18169.5,16952.964285714286,44.48,27.66,0,4.84,0
8579,18189.8,18190.5,18198.6,18185.1,16970.785714285714,40.85,32.86,0,4.9,0
8844,18236.6,18252.4,18258.4,18234.9,17043.985714285714,59.42,42.51,0,10.93,0
8869,18249.3,18240.1,18250.2,18236.4,17431.87857142857,21.33,39.51,1,6.82,1
8972,18060.3,18050.3,18062.0,18049.3,16827.907142857144,45.85,28.43,0,7.95,0
8979,18032.9,18030.6,18039.9,18027.5,17001.77142857143,29.92,26.46,0,5.57,0
8991,18074.2,18069.7,18082.3,18069.3,17178.764285714286,18.24,23.57,1,5.34,1
9229,18290.5,18296.7,18300.8,18288.5,17070.22142857143,-24.22,26.87,1,5.39,1
9292,17894.4,17894.7,17903.2,17890.2,16260.314285714287,93.41,35.18,0,17.37,0
9293,17894.3,17872.8,17895.8,17863.4,16344.607142857143,104.18,43.19,0,14.62,0
9294,17872.9,17870.2,17883.3,17868.9,16429.600000000002,113.06,52.38,0,15.18,0
9297,17870.5,17879.3,17880.9,17869.5,16716.0,134.58,68.39,0,13.86,0
9302,17914.8,17911.8,17921.3,17906.7,17227.47857142857,154.95,128.76,0,6.01,0
9303,17950.2,17944.1,17952.5,17941.0,17330.27142857143,162.25,136.41,0,2.62,0
9306,17941.1,17944.7,17945.5,17940.2,17506.564285714285,153.46,147.7,0,2.81,0
9327,17957.0,17969.9,17970.0,17957.0,17565.72857142857,-14.07,68.57,1,4.66,1
9373,18130.4,18148.7,18150.4,18129.2,16586.514285714286,-12.03,-1.77,1,8.43,1
9374,18148.6,18159.2,18168.7,18147.6,16608.37857142857,-15.51,-12.88,1,8.34,1
9411,18080.8,18087.5,18088.1,18071.3,16643.05,-7.42,-3.96,1,7.84,1
9414,18098.1,18095.7,18100.6,18080.6,16730.9,2.07,-1.76,0,8.05,0
9423,18094.2,18087.2,18094.4,18084.5,16925.10714285714,33.36,3.67,0,11.63,0
9424,18087.5,18089.3,18093.7,18086.2,16970.035714285714,36.19,9.68,0,11.7,0
9433,18104.4,18106.2,18108.8,18102.3,17592.4,71.85,24.49,0,1.77,0
9505,18108.8,18106.9,18115.3,18099.8,16917.97142857143,27.91,39.45,1,5.29,1
9513,18087.7,18104.4,18105.0,18083.5,16853.678571428572,26.22,38.34,1,8.02,1
9514,18104.5,18099.8,18109.0,18094.0,16877.59285714286,24.78,37.07,1,8.21,1
9538,18108.7,18103.2,18113.5,18101.0,17256.635714285712,7.51,33.44,1,4.84,1
9638,18079.9,18074.3,18082.2,18064.8,16438.464285714286,46.58,33.84,0,11.14,0
9647,18110.2,18110.5,18112.2,18100.8,16939.614285714288,73.64,45.17,0,4.91,0
9661,18080.0,18071.9,18083.4,18066.7,17032.785714285714,8.98,40.07,1,5.99,1
9662,18071.6,18081.0,18085.6,18070.4,17022.1,11.99,32.23,1,5.49,1
9712,18179.6,18175.8,18182.3,18175.1,17791.314285714285,26.64,36.57,1,2.99,1
9713,18175.2,18176.2,18181.4,18173.1,17779.035714285714,19.7,35.97,1,3.1,1
9774,17978.3,17962.5,17984.4,17960.0,16660.242857142857,70.98,54.37,0,6.37,0
9781,17979.6,17969.6,17982.0,17969.3,16750.785714285714,39.27,56.59,1,5.77,1
9791,17989.9,17965.4,18001.9,17944.7,16809.45,11.8,53.49,1,14.86,1
9813,18004.1,18016.9,18021.4,17996.5,16732.085714285713,-7.88,20.77,1,11.29,1
9814,18016.2,17997.7,18034.2,17994.9,16722.235714285714,-14.01,10.69,1,10.81,1
9826,17986.7,17986.1,17990.7,17984.2,16991.735714285714,8.48,-10.79,0,14.72,0
9833,17994.3,17984.3,17994.3,17983.6,17561.214285714286,75.41,-2.44,0,3.5,0
9914,18127.1,18130.2,18137.2,18120.6,16991.507142857143,-42.04,0.58,1,11.74,1
9930,18259.6,18268.6,18278.3,18255.8,16982.1,-49.71,-9.62,1,9.34,1
9992,18246.3,18230.5,18247.5,18229.5,17582.59285714286,-4.95,-20.46,0,6.09,0
10041,18077.1,18059.8,18079.7,18059.2,16730.714285714286,30.75,-10.63,0,8.19,0
10047,18002.8,17985.0,18006.0,17981.2,16684.8,3.06,-8.42,0,8.43,0
10067,18004.5,17990.3,18012.6,17989.4,16600.485714285714,10.98,-0.24,0,6.26,0
10109,18106.9,18109.4,18113.9,18105.2,17721.7,3.47,8.13,1,2.4,1
10155,18032.0,18039.7,18053.7,18022.8,16402.77142857143,-58.73,-3.47,1,13.05,1
10173,18049.8,18041.9,18054.9,18037.7,16790.4,58.31,14.35,0,11.16,0
10174,18041.7,18007.2,18043.0,18005.3,16820.77857142857,58.19,19.02,0,12.93,0
10183,17938.0,17938.9,17946.8,17922.7,16803.25,37.21,29.45,0,15.14,0
10203,17741.3,17732.8,17756.2,17729.2,16118.757142857143,41.47,38.01,0,6.66,0
10211,17677.7,17712.1,17724.1,17677.7,16273.75,51.79,37.3,0,8.12,0
10212,17712.6,17692.7,17718.4,17691.0,16292.614285714286,50.95,38.74,0,7.84,0
10213,17692.2,17713.2,17724.4,17690.0,16288.25,48.74,40.03,0,7.26,0
10264,17743.1,17748.9,17751.2,17737.4,16984.064285714285,-23.38,24.64,1,5.31,1
10347,17724.4,17746.3,17754.6,17715.2,16291.864285714286,35.7,0.79,0,16.71,0
10356,17713.0,17716.9,17718.9,17711.6,16701.321428571428,58.51,22.71,0,12.56,0
10357,17716.7,17715.4,17716.7,17711.1,16777.15,61.85,25.87,0,12.02,0
10389,17746.2,17744.0,17750.9,17736.1,17254.864285714288,-5.16,51.06,1,3.84,1
10475,17514.7,17501.0,17524.5,17494.5,16075.92857142857,-12.08,25.39,1,25.72,1
10496,17502.4,17500.0,17504.2,17500.0,16972.47857142857,106.58,42.12,0,1.0,0
10507,17558.9,17559.2,17569.1,17558.7,17166.5,37.84,50.11,1,5.29,1
10522,17557.4,17552.0,17560.7,17549.4,17075.821428571428,-12.03,46.85,1,3.58,1
10568,17544.7,17545.2,17548.9,17533.9,16135.800000000001,-1.68,13.56,1,10.44,1
10604,17409.0,17394.8,17410.2,17382.9,16048.949999999999,24.11,13.63,0,9.09,0
10605,17395.4,17383.6,17400.2,17376.4,16054.078571428572,23.02,16.62,0,9.12,0
10625,17378.1,17374.7,17380.4,17374.5,16399.27142857143,32.74,18.36,0,11.13,0
10672,17339.0,17344.2,17355.0,17321.4,16474.52857142857,-27.42,17.25,1,6.45,1
10699,17186.4,17190.3,17198.2,17175.7,15563.75,58.71,22.94,0,9.06,0
10707,17081.1,17077.9,17095.3,17074.9,15670.557142857142,65.55,34.05,0,13.74,0
10708,17078.6,17064.1,17088.8,17062.3,15671.07142857143,67.71,32.15,0,13.73,0
10739,17014.0,17000.4,17018.7,16992.0,15377.385714285714,-3.26,13.2,1,14.38,1
10745,17035.1,17028.2,17045.5,17023.2,15357.192857142858,24.31,8.64,0,6.63,0
10752,17028.1,17024.9,17029.1,17013.4,15440.707142857142,25.72,8.31,0,10.14,0
10760,17030.1,17031.1,17034.0,17026.5,16207.064285714285,83.19,45.2,0,3.12,0
10774,17137.2,17137.1,17139.1,17133.5,16733.55,-0.08,54.34,1,3.91,1
10788,17143.4,17128.2,17144.1,17126.9,16612.185714285715,-7.88,37.56,1,5.45,1
10819,17072.1,17073.9,17093.5,17067.4,15444.692857142858,-105.54,18.6,1,13.45,1
10835,17109.0,17120.1,17126.0,17104.2,15784.121428571429,56.83,7.57,0,7.42,0
10840,17116.1,17116.1,17130.5,17113.1,15939.564285714285,29.51,7.06,0,7.02,0
10841,17116.4,17099.4,17117.1,17093.2,15957.207142857142,24.96,9.84,0,6.74,0
10853,17200.0,17208.6,17213.5,17199.3,16124.035714285714,-2.73,15.57,1,6.44,1
10877,17247.3,17210.4,17251.6,17210.4,16160.9,-14.12,25.73,1,10.84,1
10882,17188.5,17210.4,17213.5,17184.2,16024.035714285714,2.04,19.23,1,12.62,1
10892,17199.3,17194.5,17200.9,17194.0,16541.57857142857,68.29,20.16,0,7.17,0
10903,17268.2,17271.4,17274.5,17267.3,16899.60714285714,54.01,24.07,0,5.09,0
10920,17253.0,17242.3,17255.5,17241.7,16773.257142857143,-17.45,21.45,1,4.31,1
10966,17434.1,17438.7,17445.5,17423.6,16103.792857142858,4.87,23.56,1,7.93,1
10967,17438.6,17422.2,17444.1,17419.2,16127.764285714287,10.09,24.45,1,7.75,1
11101,17469.7,17486.9,17492.7,17462.9,16129.935714285715,59.23,24.82,0,14.85,0
11137,17476.4,17472.9,17484.7,17471.0,16264.1,-20.26,35.23,1,3.8,1
11229,17248.0,17260.2,17266.7,17247.3,15660.478571428572,18.26,-14.69,0,12.04,0
11258,17439.4,17433.0,17444.0,17423.8,16093.221428571429,-25.9,9.21,1,11.03,1
11263,17430.7,17384.5,17433.7,17383.2,16184.657142857144,-16.78,4.08,1,11.93,1
11277,17455.2,17431.2,17457.2,17430.0,16118.971428571429,-10.41,-0.63,1,13.68,1
11278,17432.2,17417.2,17432.7,17406.5,16129.664285714285,-6.98,-4.61,1,12.91,1
11295,17603.6,17599.8,17605.8,17598.0,16871.14285714286,-41.52,-21.31,1,6.99,1
11302,17619.3,17617.1,17622.0,17615.0,17226.92142857143,42.89,-15.68,0,2.76,0
11303,17617.5,17615.6,17619.8,17614.7,17241.678571428572,45.73,-9.44,0,2.84,0
11382,17754.2,17751.7,17763.3,17747.3,16735.17142857143,31.54,-21.88,0,3.91,0
11496,17757.3,17746.2,17757.3,17737.3,16418.22142857143,24.25,5.76,0,9.05,0
11554,17795.0,17795.8,17796.5,17794.0,17039.6,36.53,21.45,0,9.78,0
11571,17765.5,17768.5,17769.7,17764.5,17457.235714285714,34.81,40.44,1,2.7,1
11646,17580.8,17564.9,17587.9,17554.1,16461.492857142857,38.59,6.18,0,15.87,0
11647,17565.1,17564.5,17570.4,17555.1,16463.9,35.3,6.24,0,15.83,0
11691,17393.3,17383.5,17397.0,17383.5,16501.657142857144,66.93,38.49,0,14.08,0
11704,17324.2,17341.7,17342.5,17324.2,16954.157142857144,115.26,55.48,0,4.67,0
11749,17374.3,17370.8,17374.3,17357.3,15649.921428571428,-99.68,37.05,1,8.51,1
11850,17458.2,17457.5,17467.2,17457.2,17018.185714285715,-13.33,60.51,1,3.77,1
11894,17405.5,17417.8,17427.2,17403.2,15906.957142857142,21.38,8.06,0,10.42,0
11899,17449.7,17432.8,17452.1,17430.2,16106.742857142857,18.24,1.3,0,9.14,0
11900,17433.2,17412.0,17436.2,17408.2,16120.764285714284,23.01,5.73,0,9.3,0
11907,17423.0,17428.6,17430.7,17418.3,16201.699999999999,26.15,23.06,0,8.53,0
11971,17647.4,17651.5,17655.5,17647.1,17342.664285714283,17.33,19.6,1,2.73,1
12015,17844.2,17873.6,17876.0,17827.7,15819.435714285715,-97.92,-15.01,1,27.89,1
12050,17873.3,17881.7,17882.7,17869.0,16958.97857142857,21.59,48.1,1,5.3,1
12235,18071.4,18074.8,18076.2,18070.8,17797.907142857144,27.12,43.96,1,1.26,1
12558,18125.5,18111.8,18126.4,18110.0,16998.314285714285,61.67,34.87,0,4.92,0
12559,18111.7,18102.5,18116.0,18093.7,17004.87142857143,54.49,33.77,0,4.95,0
12560,18102.6,18092.2,18102.6,18089.3,17022.007142857143,37.67,34.09,0,5.09,0
12562,18079.8,18082.1,18085.6,18071.2,17025.27857142857,25.09,33.52,1,5.07,1
12570,18105.7,18111.8,18112.0,18104.1,17094.957142857143,18.88,32.36,1,4.54,1
12699,18135.4,18146.4,18146.4,18131.0,17054.435714285715,97.9,42.51,0,7.24,0
12706,18152.0,18149.2,18157.4,18147.0,17168.314285714285,54.6,42.52,0,6.13,0
12823,18189.7,18185.8,18191.9,18181.3,16894.342857142856,106.46,55.9,0,3.31,0
12968,18213.3,18211.6,18219.2,18210.7,17150.064285714285,33.78,18.24,0,3.05,0
13801,18671.4,18653.2,18676.4,18648.7,17462.22142857143,26.68,16.43,0,12.31,0
13802,18653.7,18652.6,18665.2,18649.3,17479.89285714286,25.88,18.3,0,13.18,0
13826,18881.5,18885.6,18885.6,18880.8,18517.89285714286,33.12,16.15,0,1.75,0
13841,18916.1,18915.5,18917.6,18911.9,18592.657142857144,-33.7,2.11,1,3.29,1
13842,18915.4,18921.8,18923.3,18914.4,18582.164285714283,-30.78,0.75,1,3.46,1
13904,18761.2,18780.6,18781.9,18757.2,17696.72857142857,8.14,34.97,1,6.98,1
13924,18582.1,18564.3,18587.1,18561.0,17097.507142857143,32.31,28.43,0,9.74,0
13925,18565.3,18563.6,18572.0,18557.7,17099.835714285717,36.48,27.65,0,10.7,0
13934,18614.6,18619.8,18624.8,18602.3,17179.571428571428,44.54,25.42,0,7.69,0
13935,18621.1,18618.8,18622.8,18606.6,17201.907142857144,42.46,23.68,0,7.66,0
13938,18624.2,18609.5,18628.7,18607.8,17239.47857142857,28.28,24.3,0,7.93,0
13975,18690.2,18677.8,18691.3,18677.2,18317.64285714286,-17.99,23.57,1,3.56,1
14024,18825.7,18825.2,18832.7,18820.7,17651.371428571427,-15.22,17.83,1,8.47,1
14153,18855.7,18853.4,18860.1,18852.4,17800.178571428572,25.93,6.92,0,3.54,0
14210,18879.9,18876.6,18879.9,18876.6,18103.35714285714,20.79,6.09,0,12.44,0
14211,18876.5,18878.3,18878.4,18875.4,18185.714285714286,28.42,6.33,0,11.95,0
14284,18781.0,18774.3,18782.0,18767.8,17580.42142857143,17.23,25.62,1,8.62,1
14359,18694.0,18691.1,18695.4,18688.1,18305.678571428572,57.2,28.69,0,4.21,0
14486,18464.5,18457.6,18467.4,18457.5,18154.035714285714,118.85,40.52,0,3.43,0
14499,18475.5,18477.6,18478.1,18469.6,17972.307142857142,2.55,54.11,1,9.9,1
14537,18328.4,18334.5,18339.0,18309.5,16716.985714285714,-32.42,48.47,1,19.37,1
14538,18333.9,18314.3,18337.7,18307.4,16719.77857142857,-24.15,32.58,1,18.48,1
14549,18266.5,18263.0,18287.7,18263.0,16815.25,98.94,31.01,0,9.17,0
14553,18245.3,18246.3,18253.1,18240.2,16918.485714285714,98.58,43.58,0,5.85,0
14558,18209.5,18212.3,18214.3,18187.0,16953.57857142857,75.71,65.82,0,6.35,0
14611,18534.1,18522.9,18534.1,18520.5,17576.785714285714,-65.11,69.17,1,10.26,1
14623,18617.5,18610.8,18618.5,18610.5,18207.42142857143,37.36,61.9,1,2.27,1
14624,18610.7,18612.5,18614.8,18608.1,18211.97142857143,31.9,54.18,1,2.24,1
14625,18612.2,18612.8,18619.0,18610.0,18214.292857142857,23.57,45.85,1,2.28,1
14626,18612.6,18616.3,18619.5,18610.2,18204.428571428572,14.43,37.3,1,2.29,1
14627,18616.7,18622.5,18622.5,18612.2,18209.77142857143,-2.15,28.15,1,2.27,1
14688,18529.1,18471.4,18539.0,18467.0,17231.7,64.82,26.06,0,15.52,0
14727,18543.4,18541.4,18552.4,18538.4,17428.02857142857,0.71,32.4,1,6.95,1
14728,18542.6,18549.6,18550.8,18527.5,17438.485714285714,1.35,25.35,1,6.36,1
14729,18549.8,18525.0,18550.1,18520.8,17444.042857142857,2.14,19.44,1,8.02,1
14822,18531.9,18532.3,18539.0,18521.1,17331.164285714283,50.07,26.16,0,5.92,0
14880,18737.2,18734.2,18740.4,18733.7,18320.72857142857,91.29,45.71,0,3.92,0
14958,18925.2,18929.7,18933.7,18918.9,17982.178571428572,16.92,36.91,1,2.65,1
14959,18929.1,18937.9,18944.5,18928.9,18003.242857142857,20.65,35.03,1,2.11,1
15083,19011.0,19020.0,19027.0,19011.0,17848.72857142857,42.31,25.42,0,5.47,0
15231,19089.0,19084.8,19096.4,19084.3,17972.72142857143,2.68,-9.04,0,8.77,0
15267,18993.0,18987.4,18997.5,18987.3,17694.57857142857,12.51,6.8,0,6.31,0
15268,18987.3,18986.8,18991.9,18982.4,17766.05,17.65,12.65,0,6.86,0
15269,18987.0,18987.8,18989.4,18983.5,17836.64285714286,22.69,12.91,0,4.95,0
15396,19050.2,19064.9,19070.2,19049.3,17930.35714285714,3.22,10.93,1,7.98,1
15484,19057.3,19057.0,19061.0,19051.2,17780.035714285714,1.8,5.3,1,7.95,1
15599,19511.7,19481.8,19512.0,19478.8,17907.47857142857,-85.55,-5.41,1,9.1,1
15674,19574.0,19571.2,19574.7,19564.6,18664.27142857143,89.35,8.07,0,22.73,0
15682,19568.5,19581.5,19582.1,19567.8,19212.45,85.03,66.47,0,5.15,0
15683,19581.3,19580.5,19582.7,19577.6,19221.542857142857,75.58,73.42,0,4.87,0
15693,19592.6,19589.1,19594.1,19583.6,19213.485714285714,-8.52,62.4,1,3.07,1
15753,19513.8,19499.2,19523.7,19491.8,18354.885714285712,44.68,-1.13,0,8.92,0
15754,19499.1,19479.6,19499.8,19472.7,18355.242857142857,42.06,-4.86,0,8.75,0
15835,19518.9,19519.6,19529.8,19516.0,18731.278571428575,0.08,-9.08,0,6.11,0
15890,19611.3,19608.6,19611.8,19597.4,18381.985714285714,18.6,-2.25,0,8.21,0
15906,19636.8,19633.5,19638.8,19618.0,18614.264285714286,4.47,14.83,1,3.64,1
16014,19735.0,19737.2,19743.3,19732.7,18613.75,12.0,19.16,1,3.28,1
16044,19954.3,19955.9,19959.2,19948.7,18715.378571428573,-59.03,7.64,1,14.53,1
16054,19971.6,19967.3,19971.7,19958.3,18791.792857142857,-20.83,0.65,1,4.97,1
16282,19879.5,19880.1,19887.6,19874.3,18673.87142857143,23.94,17.32,0,13.37,0
16283,19880.3,19857.7,19883.7,19857.6,18677.60714285714,24.22,17.95,0,13.83,0
16284,19857.5,19809.8,19861.0,19805.2,18641.178571428572,22.93,20.28,0,17.75,0
16286,19781.3,19744.3,19783.5,19732.2,18555.842857142856,16.88,21.61,1,17.28,1
16292,19798.0,19745.3,19799.1,19745.3,18381.314285714285,18.11,25.32,1,17.4,1
16329,19758.7,19768.9,19770.1,19758.7,18361.071428571428,2.02,14.96,1,16.02,1
16345,19751.2,19742.4,19751.6,19739.5,19484.592857142856,105.21,23.23,0,3.82,0
16434,19688.3,19697.9,19701.3,19687.2,18585.714285714286,24.5,42.81,1,7.8,1
16435,19697.4,19717.6,19719.6,19696.4,18571.064285714285,26.96,34.12,1,8.56,1
16542,19641.7,19636.0,19647.3,19628.1,18082.62857142857,33.1,13.53,0,10.65,0
16543,19636.1,19633.2,19639.6,19620.5,18108.7,31.41,16.64,0,10.63,0
16551,19629.6,19631.5,19639.2,19622.1,18354.7,32.77,23.37,0,7.75,0
16555,19613.2,19597.5,19614.3,19597.2,18430.614285714288,35.92,33.33,0,7.67,0
16630,19555.9,19557.2,19561.5,19554.6,19135.14285714286,-13.02,26.21,1,6.07,1
16679,19675.7,19665.1,19678.1,19663.3,18454.178571428572,1.5,14.79,1,5.18,1
16716,19677.1,19687.9,19693.1,19676.9,18691.442857142858,-16.12,6.65,1,7.06,1
16884,19716.1,19715.7,19718.9,19713.1,19402.157142857144,12.36,10.09,0,3.89,0
17016,19878.5,19876.4,19878.5,19872.5,19631.321428571428,0.0,23.89,1,2.5,1
17143,19690.6,19690.9,19693.3,19687.8,19364.964285714286,105.64,42.21,0,4.17,0
17209,19722.7,19763.6,19763.7,19721.1,18214.592857142856,27.72,51.32,1,11.77,1
17213,19768.5,19776.8,19778.6,19762.0,18366.257142857143,23.67,35.91,1,11.67,1
17235,19789.4,19806.6,19809.0,19789.4,18582.164285714283,5.17,7.78,1,6.86,1
17262,19802.8,19800.8,19802.9,19800.4,18918.02142857143,14.8,6.58,0,13.14,0
17380,19977.4,19973.8,19977.4,19966.7,18973.43571428571,2.09,18.34,1,4.03,1
17469,20093.8,20096.1,20101.7,20093.2,18701.72857142857,3.93,8.44,1,6.59,1
17622,20361.5,20368.7,20369.6,20358.4,19270.42142857143,5.56,12.78,1,3.96,1
17878,20473.7,20464.1,20478.3,20462.6,19298.25,42.16,13.53,0,4.5,0
17912,20442.1,20433.7,20444.8,20429.1,19501.042857142857,24.62,14.78,0,4.58,0
17913,20434.0,20438.7,20443.0,20433.0,19497.557142857142,21.82,15.92,0,4.59,0
18121,20445.9,20450.9,20467.9,20445.0,18753.87142857143,-23.14,7.73,1,21.25,1
18125,20430.0,20382.3,20433.4,20379.3,18717.435714285715,13.31,9.22,0,23.54,0
18137,20275.2,20259.9,20280.0,20254.9,18610.57857142857,81.61,11.53,0,17.46,0
18140,20292.4,20286.9,20308.0,20286.3,18608.735714285714,77.8,17.44,0,12.88,0
18141,20285.9,20261.0,20288.9,20259.3,18601.95,75.37,23.39,0,13.15,0
18142,20261.4,20253.9,20268.5,20246.7,18600.114285714288,71.08,32.64,0,13.17,0
18143,20253.7,20291.3,20291.9,20250.8,18601.32857142857,68.86,41.52,0,14.78,0
18169,20244.9,20245.9,20250.4,20232.1,18865.014285714286,34.76,45.26,1,13.22,1
18257,20443.1,20451.5,20452.4,20429.5,18701.17142857143,-105.63,24.56,1,13.96,1
18270,20438.7,20385.6,20441.4,20381.1,19117.585714285717,-3.63,16.0,1,14.95,1
18271,20384.7,20397.3,20405.3,20368.3,19101.278571428575,2.85,12.46,1,14.22,1
18272,20397.2,20359.4,20397.4,20353.6,19083.835714285717,5.77,9.68,1,15.55,1
18339,20421.0,20422.4,20424.2,20420.1,20148.97857142857,88.48,14.23,0,1.47,0
18340,20422.2,20422.4,20423.4,20421.2,20158.964285714286,68.04,22.2,0,1.53,0
18341,20422.2,20422.9,20424.1,20421.4,20172.278571428575,49.42,27.37,0,1.55,0
18422,20371.5,20375.5,20388.8,20367.5,18897.442857142858,34.68,24.11,0,14.34,0
18425,20370.7,20368.8,20394.7,20366.7,18875.942857142858,20.28,16.53,0,14.56,0
18430,20355.4,20348.4,20360.5,20346.3,18969.464285714286,37.18,13.1,0,7.79,0
18431,20349.1,20388.7,20394.2,20349.1,18977.31428571429,39.0,11.94,0,11.27,0
18457,20414.6,20422.2,20425.6,20412.6,19398.085714285717,17.58,26.56,1,8.25,1
18472,20418.2,20421.9,20427.1,20418.1,20084.157142857144,56.84,29.03,0,3.47,0
18571,20371.2,20389.5,20389.5,20364.7,19091.842857142856,-6.91,23.13,1,14.85,1
18664,19928.4,19914.6,19929.9,19906.0,18183.678571428572,49.54,37.85,0,7.25,0
18705,19830.4,19821.8,19844.4,19816.0,18433.242857142857,13.25,35.07,1,5.76,1
18712,19848.6,19831.5,19849.5,19829.4,18387.821428571428,0.29,25.5,1,8.41,1
18754,19895.4,19891.8,19896.4,19889.3,19423.18571428571,-0.48,11.18,1,4.63,1
18809,19685.0,19703.1,19704.5,19667.1,17854.492857142857,84.8,50.01,0,15.55,0
18810,19703.3,19706.4,19714.0,19680.4,17872.071428571428,76.15,59.6,0,16.54,0
18813,19680.5,19723.9,19724.1,19678.1,17937.985714285714,54.69,65.73,1,14.77,1
18840,19635.3,19587.6,19641.4,19569.9,18019.592857142856,26.41,1.26,0,16.37,0
18865,19704.3,19708.3,19718.6,19701.7,19240.821428571428,108.14,26.33,0,8.96,0
18936,19616.0,19623.8,19635.3,19605.2,17880.014285714286,51.87,47.46,0,17.19,0
18941,19568.8,19537.3,19576.0,19530.3,17958.907142857144,47.97,37.81,0,13.93,0
18942,19535.9,19526.8,19546.3,19507.9,17966.72857142857,47.34,38.9,0,13.36,0
18946,19533.3,19550.2,19558.9,19528.3,18031.10714285714,42.21,47.86,1,13.25,1
18948,19515.1,19513.5,19521.4,19499.5,18041.307142857142,36.2,46.12,1,14.52,1
18957,19537.3,19509.4,19538.6,19507.0,18027.4,39.3,42.44,1,13.0,1
18958,19510.8,19541.6,19544.3,19503.8,18016.35714285714,38.36,41.38,1,13.15,1
18959,19538.8,19529.4,19550.0,19525.6,18014.22857142857,34.22,40.08,1,12.58,1
19003,19704.9,19710.3,19713.5,19700.7,19248.942857142858,42.15,38.42,0,6.18,0
19064,19654.9,19648.5,19661.5,19631.7,17842.907142857144,22.43,32.44,1,24.22,1
19065,19648.4,19684.7,19688.0,19639.2,17834.442857142858,27.5,37.16,1,24.3,1
19067,19682.5,19669.5,19696.4,19668.6,17839.064285714285,38.11,17.22,0,14.0,0
19068,19669.8,19702.0,19710.7,19658.1,17829.67142857143,41.8,17.18,0,12.24,0
19069,19701.8,19703.0,19716.5,19691.7,17841.071428571428,41.29,24.19,0,12.41,0
19078,19781.5,19783.6,19795.2,19768.3,18228.342857142856,47.92,45.5,0,7.46,0
19196,19884.3,19876.2,19888.0,19871.7,18290.321428571428,28.2,33.26,1,12.13,1
19229,19808.2,19787.8,19809.5,19773.8,18674.77857142857,37.57,23.47,0,5.43,0
19275,19528.9,19527.0,19533.2,19526.2,19092.364285714284,109.58,82.4,0,4.08,0
19329,19240.5,19222.1,19240.5,19217.6,17779.071428571428,93.31,75.76,0,7.5,0
19334,19183.6,19166.5,19185.8,19158.1,17810.72857142857,76.39,65.72,0,9.94,0
19408,19038.0,19029.4,19038.1,19026.1,18144.564285714285,28.24,50.53,1,10.96,1
19423,18968.1,18971.5,18975.9,18961.9,18216.714285714286,-0.52,43.24,1,8.39,1
19461,19039.3,19060.0,19060.5,19022.9,16861.842857142856,-16.12,-20.74,0,19.64,0
19462,19060.8,19015.0,19061.4,18981.8,16888.164285714283,-14.04,-20.86,0,20.76,0
19478,19172.7,19201.9,19224.0,19162.4,17297.67142857143,-17.58,-15.37,1,10.55,1
19481,19182.4,19134.5,19185.8,19127.7,17342.52142857143,-31.61,-17.19,1,11.9,1
19506,18992.2,19037.7,19050.1,18983.0,17189.707142857143,40.62,26.68,0,17.7,0
19507,19037.9,19054.2,19082.4,19035.4,17180.72857142857,37.74,30.32,0,17.41,0
19516,18810.3,18839.2,18843.8,18805.7,17142.814285714285,37.45,35.42,0,22.84,0
19523,18805.6,18821.3,18824.8,18805.1,17647.257142857143,124.13,52.44,0,12.11,0
19524,18821.2,18818.3,18823.8,18816.4,17749.235714285714,140.62,63.73,0,10.05,0
19525,18818.2,18831.2,18834.4,18818.2,17858.835714285717,156.66,77.19,0,9.99,0
19541,19032.6,19035.1,19043.5,19031.8,18530.55,-71.36,58.47,1,5.28,1
19551,19063.6,19064.3,19065.6,19061.1,18500.27142857143,-22.93,38.52,1,2.82,1
19596,19012.6,19039.8,19040.8,19006.5,16838.6,-69.19,-40.52,1,9.07,1
19606,19097.0,19097.1,19104.5,19079.8,17107.792857142857,-8.45,-38.83,0,8.04,0
19620,19037.5,19032.3,19071.1,19019.6,17205.67142857143,-23.72,-19.98,1,23.16,1
19621,19033.5,19049.3,19053.0,19014.0,17177.97142857143,-20.11,-17.76,1,22.79,1
19643,18988.4,19036.4,19036.6,18986.5,16959.57857142857,20.67,-8.01,0,19.99,0
19651,19025.7,19037.2,19038.3,19025.7,17339.592857142856,26.53,-0.5,0,23.22,0
19659,19121.3,19120.8,19126.1,19112.4,18359.97857142857,123.22,15.34,0,3.8,0
19668,19138.9,19137.8,19141.6,19137.7,18603.564285714285,57.68,73.38,1,2.82,1
19734,19169.0,19184.1,19187.0,19157.4,17067.97142857143,47.64,12.99,0,18.61,0
19752,19125.9,19125.7,19140.5,19120.1,17266.957142857143,-18.61,5.24,1,14.02,1
19753,19124.5,19113.4,19133.0,19109.9,17271.992857142857,-13.43,-1.55,1,14.04,1
19773,19091.4,19101.9,19103.1,19086.1,17244.15,24.67,-9.07,0,5.88,0
19870,18790.9,18771.6,18791.9,18765.5,16763.085714285713,70.9,6.69,0,13.18,0
19877,18681.6,18717.3,18717.3,18675.0,16747.4,51.37,15.13,0,13.87,0
19878,18717.1,18737.6,18740.6,18706.6,16742.864285714288,47.22,22.45,0,12.37,0
19884,18792.2,18798.8,18800.1,18771.3,16728.928571428572,30.77,27.36,0,12.06,0
19890,18806.6,18814.8,18824.6,18804.3,16810.43571428571,11.56,32.25,1,7.94,1
19902,18784.4,18770.2,18797.2,18765.9,16987.007142857143,-10.18,0.21,1,9.44,1
19903,18768.9,18797.1,18801.7,18768.7,16988.75,-6.74,-3.96,1,10.48,1
19922,18743.9,18705.8,18744.3,18704.9,17322.05,68.82,0.72,0,16.85,0
19934,19074.3,19082.3,19083.1,19068.6,18195.68571428571,-18.9,-2.66,1,5.55,1
19983,19304.4,19273.9,19305.6,19268.4,17084.235714285714,-119.47,-86.44,1,13.91,1
20044,19365.3,19353.2,19386.1,19334.4,17241.407142857144,-49.06,-10.39,1,17.58,1
20062,19447.3,19442.3,19449.5,19440.2,18607.77142857143,91.85,16.51,0,9.37,0
20063,19442.5,19457.6,19458.5,19439.2,18637.428571428572,90.27,25.16,0,9.59,0
20071,19464.6,19468.1,19475.1,19462.6,18540.457142857143,9.79,65.38,1,6.75,1
20132,19073.2,19084.4,19086.2,19058.0,16920.14285714286,111.33,61.5,0,14.54,0
20135,18992.9,19016.7,19023.4,18982.2,16920.992857142857,85.17,77.95,0,18.43,0
20178,18892.6,18814.4,18909.0,18785.0,16683.67142857143,-12.27,26.35,1,22.56,1
20188,18796.1,18810.1,18817.6,18795.5,17470.42142857143,64.02,6.19,0,17.58,0
20209,18579.0,18600.8,18604.7,18569.9,17640.442857142858,42.59,111.63,1,8.83,1
20220,18586.3,18582.5,18599.2,18578.3,17659.72857142857,5.27,59.52,1,9.57,1
20224,18424.0,18493.9,18494.0,18408.3,17300.42142857143,-9.17,17.27,1,45.36,1
20241,18352.9,18272.9,18352.9,18263.4,16410.571428571428,-47.9,4.74,1,50.06,1
20252,18307.8,18318.9,18327.5,18291.3,16073.335714285715,30.04,-11.57,0,28.3,0
20268,18464.4,18465.9,18499.4,18452.8,16178.45,-36.15,-7.45,1,18.68,1
20269,18465.4,18467.3,18482.4,18433.3,16190.264285714287,-38.78,-15.49,1,16.55,1
20273,18425.0,18385.4,18426.5,18379.0,16233.42857142857,-42.52,-32.99,1,16.42,1
20275,18384.5,18384.9,18406.0,18358.7,16236.592857142858,-27.28,-36.54,0,17.63,0
20286,18335.9,18368.9,18375.0,18335.5,16267.528571428573,43.14,13.39,0,12.36,0
20290,18350.9,18342.9,18356.0,18329.8,16304.907142857144,43.01,33.46,0,10.06,0
20302,18415.9,18414.4,18428.9,18399.7,16327.507142857143,-7.67,29.23,1,11.65,1
20311,18439.0,18441.6,18442.9,18419.4,16374.300000000001,-12.29,8.38,1,20.14,1
20343,17571.1,17611.0,17612.9,17570.9,16791.37142857143,154.01,131.16,0,25.23,0
20359,17417.1,17493.7,17510.5,17410.5,16216.692857142858,45.83,67.65,1,33.38,1
20361,17544.0,17521.6,17567.4,17513.0,16197.628571428571,42.25,22.98,0,24.41,0
20380,17826.2,17843.7,17882.1,17806.0,15740.607142857143,-239.56,-155.14,1,37.75,1
20384,17833.5,17970.2,18011.6,17833.5,15731.785714285714,-211.11,-176.53,1,43.02,1
20389,17989.1,17999.9,18039.9,17982.5,15909.057142857142,-121.72,-192.74,0,46.59,0
20406,17938.9,17925.1,17946.7,17905.5,16201.050000000001,-27.87,-22.74,1,24.77,1
20427,17889.4,17816.7,17892.3,17816.5,15926.9,24.35,5.76,0,21.39,0
20435,17817.4,17846.9,17857.9,17810.8,15652.45,21.8,24.55,1,27.17,1
20452,17988.8,17996.1,18001.3,17987.1,16414.735714285714,18.37,14.19,0,33.31,0
20453,17996.0,17997.6,18000.6,17993.3,16544.814285714285,25.48,14.21,0,30.57,0
20458,17959.4,18013.9,18014.6,17955.3,17094.514285714286,61.72,24.17,0,16.38,0
20467,18061.1,18056.2,18063.3,18045.9,17308.242857142857,55.28,64.47,1,14.84,1
20468,18056.9,18073.1,18094.9,18056.9,17288.335714285717,43.75,66.5,1,8.62,1
20469,18073.2,18093.7,18098.9,18072.1,17294.22142857143,29.35,65.21,1,8.65,1
20487,17971.9,17961.4,17992.4,17942.9,17083.114285714288,-22.17,-17.25,1,18.32,1
20501,17883.2,17951.9,17968.2,17854.4,16535.785714285714,-13.82,-19.2,0,27.22,0
20550,18304.5,18318.8,18325.6,18297.6,16330.264285714287,-27.25,-19.36,1,6.69,1
20551,18319.8,18307.9,18332.6,18303.8,16328.078571428572,-28.31,-21.83,1,6.63,1
20558,18343.7,18355.3,18357.6,18320.3,16371.828571428572,-14.92,-23.94,0,8.78,0
20589,18300.4,18295.9,18317.7,18295.2,16846.457142857143,159.28,40.51,0,19.29,0
20644,18347.7,18329.4,18361.8,18323.8,16125.67857142857,-156.46,-66.92,1,20.09,1
20645,18329.6,18394.4,18395.4,18320.3,16134.992857142857,-160.17,-78.01,1,22.03,1
20665,18237.8,18285.5,18288.6,18229.0,16197.907142857144,40.62,-29.19,0,28.41,0
20677,18064.9,18107.6,18110.7,18064.1,16129.328571428572,53.28,49.58,0,15.2,0
20694,17937.7,17921.6,17957.0,17891.7,15880.764285714287,67.26,62.31,0,15.42,0
20695,17922.0,17917.0,17929.2,17900.0,15862.221428571429,67.58,64.16,0,15.32,0
20724,17821.7,17850.8,17855.7,17821.7,16907.335714285717,180.83,85.34,0,8.38,0
20746,17892.9,17880.9,17893.3,17880.9,17328.485714285714,-6.84,75.39,1,4.09,1
20750,17885.9,17865.9,17890.7,17861.4,17342.85,0.15,37.65,1,5.85,1
20761,18080.9,18124.8,18148.2,18075.7,16839.02142857143,-106.29,5.75,1,30.7,1
20777,18274.1,18284.8,18305.3,18264.3,15910.121428571429,-131.41,-43.77,1,26.63,1
20778,18285.5,18263.6,18303.4,18263.5,15936.778571428571,-127.6,-58.39,1,21.94,1
20779,18263.1,18322.5,18323.6,18259.6,15959.4,-121.89,-71.54,1,24.44,1
20790,18283.1,18288.9,18289.1,18260.9,16179.635714285714,-50.39,-108.14,0,22.51,0
20791,18289.5,18255.9,18290.1,18250.9,16185.278571428571,-45.83,-98.07,0,22.39,0
20792,18255.0,18293.4,18295.8,18255.0,16188.785714285714,-39.78,-87.89,0,22.43,0
20810,18346.0,18342.4,18354.9,18336.6,16362.25,0.35,-4.12,0,10.98,0
20818,18406.6,18431.5,18433.7,18395.1,16481.342857142856,-7.78,-0.44,1,16.42,1
20820,18425.7,18431.6,18436.5,18421.2,16510.585714285717,-14.01,-2.06,1,13.82,1
20829,18388.9,18385.3,18403.6,18384.3,16574.928571428572,-24.89,-12.21,1,11.62,1
20851,18458.3,18452.4,18460.8,18448.5,17103.42142857143,39.45,-10.02,0,8.29,0
20861,18487.7,18487.3,18491.2,18479.7,17852.942857142858,92.52,54.02,0,10.45,0
20867,18472.6,18487.5,18490.1,18469.8,17798.842857142856,32.59,77.09,1,9.42,1
20871,18483.3,18464.0,18491.6,18462.6,17821.15,-6.08,67.35,1,7.12,1
20925,18431.9,18435.6,18450.0,18421.1,16397.57857142857,-0.89,-47.91,0,10.0,0
20934,18394.9,18413.1,18418.0,18394.0,16475.492857142857,23.95,7.12,0,15.06,0
20966,18509.1,18524.9,18527.6,18506.8,16660.15,6.32,8.69,1,8.01,1
21095,18549.3,18537.3,18552.0,18528.1,16845.60714285714,23.18,19.53,0,5.6,0
21131,18570.0,18561.2,18571.8,18556.9,17706.364285714288,-25.42,14.86,1,8.26,1
21144,18616.4,18639.4,18641.0,18614.2,17753.72857142857,4.78,13.62,1,6.73,1
21170,18794.3,18793.2,18823.6,18783.2,16890.035714285714,-97.09,-0.4,1,13.41,1
21176,18801.7,18806.3,18814.7,18795.1,16743.935714285715,-101.78,-28.93,1,8.25,1
21310,18899.0,18940.2,18940.9,18891.7,16796.242857142857,-25.61,-1.15,1,20.63,1
21320,19042.5,19049.1,19051.1,19033.6,17063.72857142857,25.02,-0.21,0,8.12,0
21334,18932.8,18946.8,18956.6,18924.6,17264.871428571427,-19.27,-10.02,1,19.45,1
21335,18946.5,18975.8,18977.3,18946.5,17251.064285714285,-12.93,-7.64,1,19.24,1
21336,18975.3,18976.5,18978.8,18962.0,17241.72857142857,-9.03,-5.8,1,20.28,1
21353,18972.5,18989.8,18994.0,18971.5,17320.95,19.36,1.78,0,6.32,0
21354,18989.6,18992.0,18994.9,18983.3,17339.235714285714,19.11,6.27,0,5.78,0
21360,18995.4,19014.0,19017.0,18994.5,17428.935714285715,16.71,20.61,1,7.27,1
21388,19068.0,19058.2,19069.5,19057.3,18537.435714285715,93.68,28.31,0,4.53,0
21396,19031.6,19032.7,19035.0,19025.3,18436.242857142857,37.61,39.98,1,3.26,1
21400,19040.1,19045.1,19046.3,19036.2,18303.614285714284,-18.84,35.76,1,5.96,1
21442,19396.9,19402.4,19408.4,19391.1,17314.821428571428,-92.24,11.13,1,11.55,1
21445,19388.1,19383.4,19388.1,19369.1,17413.042857142857,-72.88,-9.23,1,5.42,1
21601,19536.7,19546.2,19546.6,19531.7,18090.692857142858,23.6,-20.86,0,6.45,0
21727,19569.0,19564.9,19571.7,19562.9,17989.77857142857,13.42,-6.78,0,10.34,0
21867,19697.8,19686.6,19701.1,19685.1,18118.557142857142,20.63,26.94,1,8.37,1
21880,19719.2,19727.9,19729.1,19711.4,18170.35714285714,21.63,25.85,1,5.12,1
21928,19753.0,19753.3,19756.3,19750.4,19251.385714285716,34.71,25.0,0,4.83,0
22000,19774.6,19783.5,19791.6,19767.6,18110.992857142857,46.68,35.17,0,5.08,0
22046,19828.0,19824.5,19828.6,19824.0,18792.3,57.12,37.58,0,7.95,0
22124,19666.0,19658.9,19673.0,19650.5,17780.885714285712,56.26,40.08,0,16.84,0
22132,19704.3,19638.2,19709.3,19636.0,17808.214285714286,43.85,39.93,0,20.74,0
22157,19545.6,19525.3,19556.5,19519.9,17745.564285714285,42.72,28.32,0,7.78,0
22158,19527.5,19576.5,19580.5,19527.5,17754.52857142857,39.05,32.13,0,13.02,0
22182,19529.9,19535.2,19538.7,19526.7,18726.10714285714,100.98,35.87,0,4.01,0
22187,19652.8,19643.8,19654.2,19643.3,19107.47857142857,115.4,59.65,0,5.04,0
22208,19661.1,19663.2,19670.4,19658.4,19114.64285714286,-12.14,60.46,1,2.9,1
22263,19595.9,19542.9,19602.6,19525.6,17643.135714285712,37.48,18.26,0,16.47,0
22291,19660.4,19644.8,19662.4,19627.6,18089.371428571427,1.31,17.44,1,5.86,1
22385,19525.4,19494.2,19527.8,19487.5,17555.907142857144,51.3,33.03,0,8.99,0
22386,19492.9,19483.0,19498.8,19473.7,17567.314285714285,42.32,37.98,0,8.96,0
22397,19558.0,19541.5,19564.3,19531.8,17753.235714285714,18.82,22.57,1,8.31,1
22416,19497.8,19504.3,19509.0,19488.3,17728.314285714285,10.61,18.67,1,10.29,1
22417,19504.1,19511.7,19513.8,19497.0,17734.321428571428,11.98,17.02,1,10.39,1
22539,19598.5,19588.8,19606.2,19583.8,17989.742857142857,8.28,-3.38,0,8.23,0
22662,19366.9,19357.3,19367.6,19354.9,17516.25,38.45,15.57,0,9.61,0
22663,19357.4,19386.4,19387.8,19354.6,17534.428571428572,34.83,22.68,0,10.42,0
22729,19385.9,19391.7,19396.4,19385.4,18478.614285714288,-22.74,6.61,1,5.27,1
22732,19375.9,19383.2,19395.2,19371.8,18507.957142857143,-16.93,3.78,1,5.83,1
22733,19382.3,19403.5,19415.5,19376.9,18501.835714285717,-16.01,8.41,1,6.81,1
22783,19563.6,19574.1,19576.0,19560.5,17625.792857142857,2.34,-4.54,0,9.81,0
22788,19603.5,19618.6,19621.4,19597.3,17704.85,15.1,5.26,0,7.46,0
22836,19366.2,19371.6,19379.3,19365.6,17406.47142857143,42.06,23.91,0,10.46,0
22841,19383.8,19384.8,19391.1,19382.9,17953.385714285712,56.48,32.03,0,12.14,0
22842,19384.7,19384.1,19388.2,19382.6,18074.242857142857,64.85,36.83,0,9.25,0
22843,19382.8,19377.6,19384.3,19376.8,18188.535714285714,73.06,42.38,0,7.96,0
22954,19476.7,19474.1,19476.7,19464.2,17877.02857142857,8.17,21.67,1,4.49,1
22955,19473.8,19468.1,19480.1,19466.5,17877.0,7.47,14.38,1,4.49,1
22956,19468.2,19471.7,19480.7,19464.2,17894.02142857143,4.45,10.04,1,4.39,1
23046,19148.9,19159.7,19179.4,19148.9,17150.22142857143,78.63,47.35,0,11.61,0
23047,19159.2,19116.2,19159.7,19113.0,17157.6,82.15,55.65,0,15.18,0
23092,18997.8,18987.9,19000.0,18979.2,17280.89285714286,32.18,34.23,1,3.6,1
23119,18846.9,18832.9,18847.9,18828.4,18101.62857142857,110.79,33.16,0,5.14,0
23120,18832.8,18831.8,18838.7,18828.9,18121.7,110.88,41.43,0,5.29,0
23170,18983.4,19003.4,19005.4,18981.7,16787.292857142857,-126.86,40.5,1,15.5,1
23182,18958.9,18982.9,18987.0,18956.9,17012.55,-12.3,-6.27,1,13.11,1
23185,18941.9,18964.0,18964.7,18933.5,17036.75,0.26,-23.57,0,8.92,0
23207,18962.9,18957.3,18969.1,18948.6,17222.10714285714,2.08,16.51,1,6.64,1
23217,18914.9,18913.1,18926.7,18902.1,17170.264285714286,19.65,11.71,0,9.0,0
23240,18906.6,18910.6,18910.6,18904.1,17656.792857142857,51.04,15.58,0,4.96,0
23300,19064.4,19071.0,19073.7,19051.2,16887.257142857143,-134.21,-8.78,1,22.4,1
23343,18965.0,18953.0,18974.7,18950.6,17175.27142857143,-12.01,36.45,1,12.59,1
23347,18951.7,18954.7,18965.6,18949.6,17208.885714285712,-20.48,25.34,1,7.72,1
23361,18921.3,18882.8,18921.3,18872.3,17190.95,0.71,16.73,1,11.67,1
23362,18882.7,18893.7,18901.5,18868.7,17166.742857142857,3.49,10.54,1,12.05,1
23381,18715.5,18711.8,18720.4,18707.9,18171.442857142858,143.74,16.69,0,4.78,0
23386,18706.4,18697.2,18711.2,18687.7,18200.564285714285,140.05,45.32,0,2.14,0
23434,18586.2,18519.1,18586.2,18517.6,16462.07857142857,13.66,57.09,1,22.76,1
23446,18475.2,18454.7,18482.0,18450.9,16348.228571428572,114.26,33.85,0,12.86,0
23449,18446.0,18429.4,18461.0,18427.5,16346.842857142858,96.17,49.73,0,14.58,0
23450,18428.7,18424.3,18445.9,18419.0,16347.914285714287,85.4,61.06,0,15.35,0
23463,18436.7,18468.4,18476.2,18429.5,16525.214285714286,50.55,70.11,1,8.97,1
23488,18476.1,18468.3,18486.1,18460.6,16647.821428571428,17.04,39.96,1,7.22,1
23489,18468.2,18463.1,18477.2,18460.7,16655.37857142857,16.31,34.88,1,7.21,1
23535,18556.5,18555.2,18558.7,18550.7,17723.37857142857,-13.42,-9.92,1,7.52,1
23587,18630.0,18641.5,18645.2,18627.0,16795.585714285717,17.96,2.03,0,6.33,0
23600,18678.4,18645.5,18678.5,18638.9,17030.55,-19.67,9.21,1,9.1,1
23601,18645.1,18665.9,18672.0,18640.6,17033.62142857143,-19.91,1.23,1,9.62,1
23630,18657.1,18648.1,18667.6,18646.1,16814.057142857142,2.68,-5.28,0,13.58,0
23631,18648.3,18656.7,18663.4,18647.2,16861.214285714286,-2.15,-5.58,0,13.38,0
23674,18709.5,18724.6,18725.0,18708.8,17768.37857142857,-31.26,15.58,1,5.16,1
23744,18790.8,18795.9,18800.7,18781.2,17026.735714285714,-40.82,4.38,1,9.55,1
23754,18810.8,18806.4,18812.9,18798.4,17184.835714285717,-11.96,0.17,1,2.53,1
23843,18668.6,18736.5,18741.3,18665.8,16511.835714285713,80.13,28.85,0,22.72,0
23844,18737.2,18768.7,18773.2,18728.3,16526.07857142857,74.99,38.08,0,21.19,0
23863,18944.2,18937.2,18950.8,18932.6,16877.02142857143,-73.88,-56.76,1,13.15,1
23886,19119.2,19133.4,19140.3,19110.5,17162.5,-50.02,-41.66,1,13.06,1
23894,19184.2,19223.9,19224.6,19162.3,17198.62857142857,-48.92,-43.06,1,12.1,1
23907,19222.7,19218.2,19223.7,19215.1,18264.37857142857,56.37,-26.61,0,2.52,0
23996,19366.5,19375.6,19378.9,19364.6,17508.821428571428,15.31,19.53,1,9.77,1
24016,19393.1,19429.9,19434.0,19387.6,17624.942857142858,-33.56,10.49,1,14.31,1
24017,19430.6,19416.0,19432.1,19412.0,17596.65,-32.89,3.62,1,14.23,1
24040,19389.0,19381.3,19392.6,19381.3,18484.707142857143,99.74,12.01,0,3.69,0
24110,19492.2,19500.2,19511.1,19492.2,17543.864285714288,9.57,16.71,1,3.85,1
24111,19500.4,19513.7,19521.1,19499.1,17573.97142857143,9.85,16.96,1,4.18,1
24123,19474.5,19471.9,19480.7,19460.5,17726.885714285712,20.73,30.49,1,8.45,1
24150,19493.2,19478.7,19493.5,19474.1,17776.149999999998,-9.09,8.86,1,8.39,1
24255,19329.9,19343.5,19343.7,19321.9,17535.385714285712,18.58,27.44,1,10.44,1
24261,19364.4,19358.9,19370.1,19350.9,17638.02142857143,18.52,25.56,1,5.93,1
24262,19359.1,19365.8,19366.6,19344.7,17652.89285714286,18.65,22.98,1,5.68,1
24331,19548.0,19547.6,19550.6,19545.5,18698.957142857143,-21.64,10.06,1,4.63,1
24332,19547.5,19542.4,19550.1,19541.1,18680.935714285715,-18.44,5.88,1,4.62,1
24378,19520.3,19529.9,19534.5,19510.3,17630.68571428571,22.56,6.99,0,6.4,0
24391,19389.0,19386.2,19410.0,19382.3,17499.742857142857,28.88,13.99,0,15.93,0
24392,19386.1,19394.7,19400.6,19381.6,17484.114285714288,29.68,17.84,0,15.5,0
24426,19427.0,19435.4,19437.4,19410.4,17596.72857142857,4.11,16.88,1,9.06,1
24508,19385.0,19373.4,19390.2,19371.2,17672.97857142857,34.93,17.47,0,8.26,0
24539,19485.7,19554.6,19574.2,19484.7,17732.692857142858,-42.09,15.23,1,34.22,1
24555,19452.7,19438.4,19483.4,19402.2,17290.557142857142,-39.75,8.82,1,28.35,1
24563,19394.0,19418.0,19420.6,19391.1,17495.39285714286,76.51,27.77,0,17.49,0
24569,19389.8,19395.6,19395.9,19378.5,18108.457142857143,123.17,72.86,0,9.12,0
24573,19741.5,19731.3,19745.1,19729.1,18535.2,140.29,115.99,0,4.83,0
24574,19731.6,19739.6,19743.7,19727.5,18633.12857142857,132.31,122.09,0,4.76,0
24586,19744.2,19751.8,19752.2,19740.7,19078.62857142857,-114.37,45.24,1,4.51,1
24597,19770.3,19765.6,19776.8,19761.0,18967.3,-42.93,25.77,1,4.59,1
24636,19851.0,19875.0,19886.0,19849.4,17854.814285714285,-42.35,-7.99,1,10.35,1
24643,19896.5,19859.5,19897.5,19844.2,17973.45,-4.72,-17.29,0,10.45,0
24657,19908.1,19911.6,19915.1,19899.0,18236.035714285714,7.98,-20.89,0,6.81,0
24696,19807.1,19815.7,19817.3,19805.0,18190.47857142857,21.07,8.92,0,9.36,0
24717,19745.5,19753.1,19754.1,19743.1,19151.649999999998,56.55,13.77,0,3.76,0
25053,19973.5,19962.0,19978.5,19958.3,18231.657142857144,-38.34,-10.18,1,4.07,1
25054,19962.3,19940.9,19964.3,19938.9,18236.242857142857,-36.83,-17.38,1,5.69,1
25055,19940.8,19942.8,19953.8,19930.0,18251.957142857143,-34.2,-24.07,1,5.98,1
25304,20008.0,20029.6,20034.4,20007.4,17920.7,56.19,2.62,0,13.71,0
25315,20032.0,20022.0,20040.6,20021.6,18117.085714285717,37.12,12.81,0,13.81,0
25316,20021.7,20036.9,20040.5,20020.5,18143.25,33.28,16.82,0,13.26,0
25319,20028.2,20028.5,20040.5,20023.5,18189.064285714285,24.23,18.43,0,5.16,0
25320,20029.0,20028.0,20032.7,20017.2,18199.407142857144,21.92,18.27,0,5.46,0
25323,20012.7,20014.9,20033.9,20009.4,18216.5,18.77,32.24,1,6.6,1
25351,20119.8,20128.3,20131.2,20112.2,18608.385714285712,-16.79,10.6,1,6.01,1
25352,20128.6,20119.1,20132.1,20114.1,18600.07857142857,-17.29,6.59,1,5.69,1
25438,20041.0,20059.3,20065.0,20028.5,18078.364285714288,31.17,7.59,0,5.6,0
25446,20007.3,20012.3,20015.0,19999.6,18183.42142857143,46.42,9.57,0,6.9,0
25490,20004.4,19987.9,20007.0,19981.7,18402.964285714286,-0.36,6.42,1,6.9,1
25581,20011.3,20007.7,20023.8,20007.0,18403.4,13.48,26.15,1,4.93,1
25594,19960.5,19963.7,19967.3,19956.8,18567.22857142857,27.7,23.89,0,5.1,0
25703,19731.8,19748.1,19766.3,19726.3,17609.735714285714,70.87,26.47,0,22.22,0
25706,19738.3,19715.8,19746.8,19712.4,17667.307142857142,46.67,35.57,0,17.98,0
25716,19681.5,19669.3,19682.6,19646.9,17787.5,-5.81,26.21,1,13.43,1
25775,19746.2,19742.4,19752.2,19737.5,19126.835714285717,113.67,19.0,0,12.34,0
25824,19802.4,19801.4,19823.7,19798.8,17558.507142857143,-100.68,13.85,1,21.14,1
25887,19826.4,19804.4,19826.4,19800.5,18378.385714285712,8.8,15.05,1,7.45,1
25912,19738.1,19745.8,19745.9,19736.8,19147.82857142857,55.39,18.95,0,5.23,0
25984,19710.3,19718.4,19747.0,19706.0,18066.95,15.58,23.12,1,11.56,1
26008,19751.2,19741.9,19763.9,19740.9,18201.14285714286,20.68,17.72,0,4.44,0
26044,19859.7,19859.5,19864.9,19858.5,19239.014285714286,7.16,16.19,1,4.3,1
26059,19873.2,19865.7,19874.2,19860.2,19134.2,-12.85,8.88,1,2.61,1
26090,19848.9,19892.1,19895.6,19843.9,17729.75,-19.5,-0.85,1,21.07,1
26091,19891.5,19891.8,19901.6,19865.6,17733.9,-8.09,-3.41,1,20.87,1
26106,19941.4,19935.9,19948.5,19929.5,17902.27857142857,12.61,-4.03,0,17.09,0
26112,19904.0,19910.0,19915.3,19894.4,17988.435714285715,18.8,11.22,0,18.13,0
26130,19916.3,19917.7,19928.3,19911.1,18223.414285714283,-2.71,9.43,1,12.47,1
26293,19824.6,19833.9,19835.6,19823.9,18638.057142857146,82.44,24.32,0,10.8,0
26294,19833.8,19832.3,19840.2,19831.1,18751.528571428575,91.32,33.58,0,5.18,0
26296,19832.9,19829.4,19833.2,19829.3,18986.085714285717,104.12,42.74,0,2.72,0
26309,19885.6,19889.9,19891.9,19882.5,19186.885714285716,5.28,69.28,1,7.3,1
26323,19902.7,19900.9,19911.9,19900.4,19072.899999999998,-19.08,63.83,1,6.08,1
26371,20062.6,20030.2,20062.6,20024.1,18309.807142857142,4.82,56.08,1,10.6,1
26372,20030.1,20020.9,20034.4,20005.6,18319.557142857142,10.9,48.13,1,10.55,1
26378,20040.2,20038.9,20053.5,20035.1,18454.457142857143,30.77,41.4,1,10.01,1
26517,20198.6,20205.0,20208.7,20197.2,18575.964285714286,-3.47,15.11,1,8.71,1
26780,20238.0,20232.1,20251.0,20227.7,18743.707142857143,31.08,8.95,0,3.63,0
26855,20327.8,20328.0,20333.3,20325.8,19885.914285714283,0.92,14.5,1,3.05,1
26914,20428.1,20443.9,20446.2,20427.0,19088.764285714286,26.86,18.7,0,4.83,0
26915,20444.0,20430.4,20447.2,20426.1,19106.785714285714,24.06,21.07,0,5.36,0
27038,20214.5,20232.8,20233.8,20201.5,18226.14285714286,59.06,18.47,0,15.47,0
27041,20207.4,20229.4,20233.4,20205.5,18281.085714285717,47.57,26.71,0,14.25,0
27042,20229.2,20226.5,20238.2,20225.2,18297.02142857143,43.32,31.42,0,14.84,0
27043,20227.0,20210.5,20232.4,20200.2,18316.992857142857,38.69,31.14,0,13.86,0
27096,20190.6,20185.1,20193.8,20183.3,19623.364285714288,113.24,37.6,0,5.25,0
27170,20116.9,20109.9,20125.5,20101.9,18342.085714285717,24.16,28.61,1,5.83,1
27171,20110.0,20107.1,20113.9,20099.6,18374.27142857143,26.32,28.54,1,5.54,1
27177,20133.0,20122.9,20137.6,20122.0,18551.62857142857,37.62,25.13,0,3.49,0
27253,20343.3,20346.9,20352.3,20340.7,19709.907142857144,-31.45,23.74,1,4.06,1
27297,20299.5,20292.5,20303.8,20291.0,18264.85714285714,28.3,20.37,0,13.69,0
27302,20332.3,20327.0,20343.3,20323.5,18431.571428571428,18.76,15.07,0,10.79,0
27303,20327.3,20321.3,20331.3,20312.4,18471.07857142857,14.71,12.3,0,10.68,0
27305,20322.3,20322.0,20326.0,20310.9,18545.714285714286,10.33,16.94,1,11.0,1
27306,20321.5,20310.3,20322.5,20300.3,18566.57857142857,9.89,20.35,1,11.07,1
27316,20312.0,20301.7,20312.9,20299.5,18697.242857142857,10.23,16.0,1,8.23,1
27350,20208.4,20226.4,20234.1,20208.3,18639.028571428575,17.55,15.12,0,6.59,0
27351,20226.1,20217.4,20238.3,20214.9,18677.757142857143,19.23,14.5,0,6.78,0
27386,20303.9,20301.1,20308.2,20301.1,19716.992857142857,-20.61,9.52,1,1.83,1
27429,20339.9,20332.1,20341.2,20326.0,18623.957142857143,36.06,7.83,0,10.12,0
27572,20280.5,20291.0,20291.9,20277.7,18545.55,33.01,17.36,0,8.5,0
27734,20371.2,20364.4,20375.2,20355.9,19006.87857142857,-26.19,12.62,1,6.75,1
27834,20155.1,20150.6,20158.8,20146.3,18392.907142857144,45.14,18.24,0,17.71,0
27844,20096.1,20065.3,20096.1,20058.8,18364.35714285714,35.65,32.06,0,11.98,0
27847,20017.4,20021.6,20033.2,20012.6,18354.18571428571,35.36,33.14,0,16.01,0
27848,20021.4,20014.1,20032.6,20010.1,18350.164285714283,38.01,32.09,0,15.51,0
27888,20136.4,20131.1,20139.1,20126.4,18876.028571428575,5.29,32.38,1,11.19,1
27905,20229.5,20229.6,20231.2,20223.1,19748.0,7.48,27.26,1,3.44,1
27917,20266.0,20265.7,20267.6,20260.0,19649.27142857143,-23.48,20.69,1,3.04,1
27963,20121.4,20159.4,20160.1,20115.0,18324.557142857146,17.99,4.78,0,17.0,0
27976,20202.9,20207.9,20212.0,20198.4,18413.35,16.49,9.92,0,8.33,0
27989,20195.6,20205.4,20206.2,20179.6,18674.47857142857,6.17,15.71,1,7.08,1
27995,20215.4,20211.6,20217.7,20209.1,18719.1,8.41,12.99,1,7.65,1
27996,20211.5,20201.1,20215.4,20198.6,18733.100000000002,9.04,11.69,1,5.2,1
28051,20311.6,20330.3,20332.1,20310.1,19733.214285714286,-20.94,1.27,1,4.85,1
28138,20366.5,20357.3,20374.4,20352.8,18669.585714285713,22.83,1.79,0,7.41,0
28141,20375.0,20375.6,20386.5,20368.3,18742.535714285714,22.32,6.95,0,6.88,0
28360,20466.7,20471.5,20476.7,20463.2,18719.37857142857,-1.15,6.28,1,6.67,1
28492,20523.8,20538.8,20541.0,20519.0,18601.52857142857,9.92,7.83,0,9.7,0
28507,20517.4,20508.9,20521.3,20505.3,18856.70714285714,22.25,10.27,0,3.85,0
28571,20216.0,20228.0,20230.2,20212.5,19363.492857142857,82.28,23.94,0,4.4,0
28624,19937.8,19931.5,19947.8,19929.0,17956.59285714286,69.51,27.97,0,13.64,0
28625,19930.7,19936.8,19942.3,19916.5,17955.72857142857,70.38,34.09,0,13.31,0
28627,19908.3,19901.2,19914.8,19894.1,17962.492857142857,58.79,31.48,0,13.18,0
28646,19963.0,19937.1,19967.6,19933.8,18189.614285714288,8.05,24.94,1,7.75,1
28701,19998.9,19990.7,19999.2,19988.9,19434.492857142857,63.82,36.14,0,3.44,0
28714,19990.2,19994.6,19998.3,19989.1,19335.82857142857,-20.5,30.36,1,3.44,1
28715,19994.7,19989.4,19996.3,19989.2,19326.100000000002,-17.55,27.69,1,3.47,1
28758,20136.7,20121.6,20144.6,20116.2,18121.807142857142,-19.17,11.49,1,13.83,1
28771,20075.9,20090.5,20101.5,20069.7,18239.35,15.23,-5.81,0,15.14,0
28904,19969.9,19956.3,19975.8,19956.1,18138.621428571427,2.93,7.26,1,8.63,1
29045,20213.3,20210.0,20214.4,20203.5,18300.39285714286,-3.17,0.28,1,13.48,1
29192,20674.3,20688.3,20693.3,20673.8,18669.185714285715,13.05,-1.62,0,12.51,0
29193,20688.8,20685.1,20695.1,20679.0,18699.64285714286,13.09,-2.23,0,13.06,0
29203,20687.9,20708.9,20711.3,20687.9,18945.778571428575,13.61,7.17,0,6.02,0
29209,20734.6,20735.8,20736.9,20724.5,19009.407142857144,5.2,10.61,1,6.37,1
29334,21052.4,21051.9,21060.0,21050.5,19286.557142857142,-3.5,16.48,1,5.37,1
29338,21081.1,21058.0,21081.4,21051.1,19377.764285714286,0.5,15.08,1,7.89,1
29348,21078.1,21074.1,21078.4,21069.9,19558.242857142857,12.0,14.52,1,5.91,1
29622,21109.2,21094.9,21109.5,21085.7,19322.214285714286,22.55,15.51,0,5.16,0
29810,21076.9,21082.3,21082.9,21070.3,19548.492857142857,-5.97,10.1,1,2.32,1
29898,21008.3,21019.7,21023.0,20982.2,18888.907142857144,-16.17,-0.86,1,10.79,1
29916,21077.5,21091.2,21095.0,21077.0,19256.47857142857,14.91,-0.29,0,13.95,0
29949,21090.8,21078.2,21091.2,21074.6,19452.235714285714,-10.53,-2.74,1,6.68,1
29985,21059.3,21058.3,21059.3,21052.9,20425.62142857143,44.28,7.51,0,4.05,0
30055,21019.4,21004.8,21030.3,20998.1,19200.192857142858,27.19,4.16,0,6.89,0
30094,20964.8,20914.9,20964.8,20902.3,19262.899999999998,19.53,21.88,1,15.4,1
30119,20724.1,20726.5,20727.1,20720.7,20040.385714285716,136.16,23.6,0,2.41,0
30120,20726.2,20715.0,20726.9,20714.4,20087.3,152.76,38.36,0,3.4,0
30133,20751.4,20749.7,20753.1,20747.1,20075.914285714283,67.39,43.72,0,3.39,0
30198,20446.4,20434.5,20449.9,20418.0,18530.564285714285,63.83,44.72,0,6.42,0
30273,20485.6,20491.0,20493.1,20484.5,19743.8,2.71,38.59,1,2.78,1
30287,20479.1,20478.3,20486.0,20474.0,19719.62142857143,-0.12,26.15,1,4.61,1
30347,20566.0,20550.0,20568.2,20548.7,18929.907142857144,-3.23,12.27,1,12.62,1
30352,20558.5,20562.2,20563.2,20552.0,18912.89285714286,7.21,12.85,1,12.92,1
30369,20529.8,20563.0,20565.2,20528.7,18970.81428571429,18.21,3.1,0,11.44,0
30394,20533.4,20550.1,20552.1,20530.0,18951.864285714284,-7.13,2.39,1,6.33,1
30481,20564.0,20582.0,20587.8,20562.3,18541.05,-36.13,-23.09,1,6.74,1
30545,20670.2,20670.1,20671.3,20668.6,19594.235714285714,37.01,-21.44,0,5.44,0
30630,20511.6,20549.9,20550.1,20509.6,18562.371428571427,24.23,-20.47,0,13.66,0
30631,20549.4,20581.3,20582.4,20543.1,18584.785714285714,15.59,-20.95,0,14.37,0
30634,20596.9,20590.4,20616.1,20586.6,18623.92142857143,-3.21,-14.09,0,14.3,0
30642,20557.8,20539.2,20562.1,20533.9,18750.55,-2.6,0.14,1,10.07,1
30649,20525.1,20505.6,20533.8,20503.9,18837.957142857143,19.67,6.34,0,11.4,0
30661,20482.7,20476.4,20488.1,20473.3,18854.89285714286,24.93,11.51,0,8.09,0
30662,20476.6,20469.3,20485.8,20467.7,18855.235714285714,22.07,14.32,0,6.93,0
30732,20671.6,20698.1,20699.1,20671.6,19423.785714285714,-37.85,5.62,1,12.74,1
30758,20594.9,20516.3,20613.6,20500.0,18537.757142857143,-31.91,-25.1,1,38.72,1
30773,20686.9,20640.6,20687.3,20630.8,18430.8,28.77,-25.52,0,14.75,0
30774,20640.4,20661.1,20673.1,20640.4,18465.992857142857,19.0,-22.16,0,14.92,0
30828,20721.7,20721.7,20724.3,20714.1,19136.928571428572,7.89,-11.26,0,4.49,0
30863,20693.0,20690.1,20701.6,20686.6,19635.635714285716,14.85,-9.32,0,6.19,0
30864,20690.3,20702.1,20705.1,20690.3,19654.37142857143,18.42,-6.97,0,5.86,0
30924,20725.5,20749.6,20757.8,20723.7,18788.2,22.26,5.33,0,15.42,0
30925,20749.7,20746.2,20753.2,20739.7,18801.31428571429,23.2,10.33,0,15.29,0
30945,20756.9,20765.5,20771.9,20753.1,19099.835714285717,-1.82,9.8,1,5.06,1
31052,20855.0,20832.3,20861.7,20827.3,18665.82857142857,-54.0,-6.19,1,15.01,1
31065,20830.3,20826.5,20838.3,20826.0,18927.471428571425,34.91,8.99,0,6.38,0
31349,20673.0,20681.8,20685.4,20671.8,18798.657142857144,61.51,26.5,0,7.58,0
31350,20681.3,20656.0,20691.8,20654.3,18811.39285714286,66.35,30.19,0,8.23,0
31495,20923.4,20933.4,20935.4,20921.3,19333.485714285714,2.62,25.43,1,5.11,1
31498,20934.4,20927.7,20934.8,20917.2,19378.77142857143,5.42,12.86,1,3.21,1
31625,21128.8,21162.7,21167.3,21126.9,19345.135714285716,-5.46,3.75,1,10.96,1
32103,21434.0,21422.3,21434.6,21420.6,19965.657142857144,21.33,3.59,0,4.4,0
32190,21590.6,21575.4,21592.2,21574.4,19722.25,-103.92,-8.56,1,4.06,1
32356,21458.9,21454.4,21460.1,21446.6,19808.928571428572,27.93,-4.49,0,4.19,0
32364,21445.4,21454.6,21456.7,21442.6,19901.100000000002,18.78,-2.98,0,4.94,0
32621,21690.9,21685.7,21690.9,21677.4,19721.8,-134.17,18.46,1,11.85,1
32622,21685.1,21680.0,21691.5,21660.0,19748.12142857143,-135.54,0.3,1,12.06,1
32628,21685.0,21705.5,21705.6,21683.4,19849.085714285717,-74.24,-10.86,1,9.57,1
32855,21770.5,21773.8,21777.1,21769.3,21262.785714285714,-15.7,-36.01,0,2.1,0
32935,21670.6,21677.8,21678.8,21666.0,19896.928571428572,26.47,3.81,0,5.37,0
32938,21661.6,21685.1,21689.8,21658.8,19937.75,25.07,11.07,0,8.21,0
33011,21842.6,21839.6,21843.5,21834.2,21213.60714285714,-7.18,15.93,1,2.64,1
33069,22021.7,22036.1,22037.1,22015.6,20135.735714285714,1.0,13.26,1,6.53,1
33076,22040.6,22045.5,22050.4,22039.4,20289.885714285716,7.5,11.49,1,6.49,1
33209,22045.0,22062.1,22067.6,22040.3,20430.057142857142,38.67,13.31,0,12.47,0
33374,21989.0,21992.2,21996.0,21987.7,20991.678571428572,29.93,16.65,0,3.97,0
33407,21053.7,21047.3,21062.3,21001.3,18929.835714285717,135.2,28.67,0,61.83,0
33408,21047.4,21122.2,21131.7,21031.3,18950.57857142857,152.41,44.65,0,55.46,0
33415,21117.8,21144.5,21150.8,21117.8,19628.87142857143,250.67,153.7,0,40.76,0
33417,21151.5,21141.5,21157.0,21132.9,19930.89285714286,264.83,179.97,0,24.09,0
33418,21273.5,21277.3,21279.9,21270.9,20059.085714285717,264.73,206.06,0,16.56,0
33419,21276.8,21282.0,21282.3,21269.8,20189.407142857144,271.46,221.2,0,16.84,0
33429,21275.0,21269.6,21283.3,21267.4,20702.385714285716,56.72,172.53,1,8.09,1
33499,21290.9,21299.8,21311.4,21274.4,19181.514285714286,41.98,-5.88,0,27.24,0
33507,21190.6,21163.0,21192.9,21148.3,19417.62857142857,21.9,14.77,0,11.47,0
33508,21163.3,21161.0,21181.4,21140.9,19422.585714285717,20.02,16.93,0,11.96,0
33509,21160.9,21171.3,21176.6,21149.9,19426.31428571429,21.94,19.05,0,11.86,0
33516,21196.9,21221.8,21223.9,21193.3,19442.207142857143,51.4,33.03,0,23.02,0
33538,21168.3,21175.9,21185.8,21160.3,19627.221428571425,7.09,30.19,1,8.4,1
33553,21061.6,21067.7,21088.4,21050.6,19504.957142857143,11.28,8.33,0,17.09,0
33569,20845.9,20838.4,20849.4,20828.4,20271.82857142857,159.28,44.71,0,6.88,0
33572,20831.3,20842.7,20845.6,20825.3,20131.307142857142,132.85,73.72,0,6.66,0
33573,20840.9,20821.4,20849.2,20820.3,20077.600000000002,123.33,85.02,0,7.22,0
33619,20980.4,20915.1,21000.4,20906.8,19286.742857142857,-117.26,87.64,1,32.58,1
33629,21219.3,21240.4,21254.7,21197.6,18766.93571428571,-137.38,53.73,1,23.43,1
33632,21216.2,21252.1,21255.7,21214.6,18929.321428571428,-132.03,-11.15,1,23.93,1
33669,21420.4,21383.1,21435.3,21377.3,19783.37142857143,25.06,-21.46,0,12.28,0
33713,21365.5,21360.9,21371.9,21355.7,20785.992857142857,115.73,32.26,0,7.31,0
33730,21322.8,21332.8,21334.0,21322.8,20640.75,-3.15,43.47,1,4.83,1
33788,21397.5,21408.9,21420.9,21395.2,19791.585714285717,47.65,-24.46,0,14.01,0
33792,21416.5,21398.8,21424.4,21396.2,19918.4,17.6,-15.84,0,14.7,0
33798,21424.9,21426.3,21426.9,21409.7,19941.12142857143,-13.87,-2.72,1,7.0,1
33803,21436.5,21448.3,21458.9,21434.9,20007.821428571428,-19.45,8.76,1,7.08,1
33804,21447.7,21447.0,21461.7,21444.0,20032.42142857143,-19.37,18.11,1,7.1,1
33811,21468.7,21464.3,21471.3,21457.0,20156.92142857143,1.37,12.89,1,6.32,1
33973,21709.6,21718.4,21723.4,21709.6,21286.27142857143,17.33,4.38,0,3.72,0
34032,21769.1,21788.6,21789.4,21768.5,20654.97857142857,46.12,14.75,0,9.18,0
34039,21777.5,21800.3,21800.8,21772.6,20736.149999999998,16.18,26.25,1,9.7,1
34172,21402.6,21394.8,21414.4,21390.9,19455.757142857143,65.71,26.14,0,21.06,0
34173,21394.6,21346.8,21400.8,21346.4,19491.035714285714,68.53,31.83,0,22.64,0
34174,21347.2,21346.6,21366.6,21343.9,19533.507142857143,59.6,37.53,0,23.8,0
34178,21308.7,21299.4,21314.4,21279.6,19599.52142857143,49.18,39.98,0,24.67,0
34186,21313.6,21301.1,21318.7,21290.6,19676.292857142857,37.38,46.27,1,9.49,1
34195,21352.8,21377.1,21378.3,21343.1,19856.214285714286,26.69,41.01,1,10.12,1
34327,21278.6,21284.4,21289.2,21263.9,19728.68571428571,5.23,-8.16,0,11.98,0
34343,21320.9,21318.3,21334.9,21316.1,19797.93571428571,-35.61,-20.47,1,9.44,1
34363,21286.8,21237.3,21292.8,21235.9,19935.071428571428,18.54,-18.26,0,14.42,0
34388,21257.0,21258.0,21259.8,21250.5,20862.028571428575,123.25,-3.88,0,4.02,0
34468,21111.7,21090.7,21118.3,21077.8,19489.864285714284,68.6,30.96,0,10.26,0
34488,21017.0,21007.7,21040.9,21003.3,19472.100000000002,16.62,51.67,1,14.82,1
34502,21042.8,21031.2,21042.8,21023.0,19506.364285714288,23.36,30.26,1,13.0,1
34517,21012.7,21016.7,21020.9,21005.2,19501.928571428572,-23.08,11.1,1,20.82,1
