Open,Close,High,Low,ATR,MACD,Signal Line,Trade
10899.0,10898.0,10914.2,10891.7,34.19285714285733,-2.1,0.0,SELL
10800.7,10809.2,10814.2,10794.5,31.0714285714287,61.17,0.0,BUY
10795.6,10787.8,10802.3,10780.6,29.90714285714304,41.67,32.83,BUY
10800.5,10805.0,10809.4,10798.5,19.83571428571434,-16.38,4.28,SELL
10964.8,10952.5,10967.9,10948.0,15.785714285714286,-41.64,-25.14,SELL
10871.4,10908.9,10912.4,10869.2,44.74285714285725,25.47,-17.55,BUY
10908.9,10927.0,10936.7,10905.0,46.564285714285816,26.75,-9.63,BUY
10908.5,10904.1,10909.2,10904.0,21.33571428571408,-1.89,10.61,SELL
10895.0,10898.1,10900.6,10894.3,10.914285714286052,-5.98,5.1,SELL
10900.5,10909.3,10915.5,10893.2,10.914285714286052,-9.2,1.11,SELL
10759.1,10746.1,10759.7,10731.2,24.642857142857533,47.4,-3.77,BUY
10778.4,10774.1,10784.6,10759.6,38.735714285714366,31.25,16.3,BUY
10922.7,10926.3,10930.9,10914.2,28.95714285714244,-58.0,-20.47,SELL
10956.9,10946.7,10961.2,10944.6,25.121428571428233,-60.11,-52.43,SELL
10943.8,10936.7,10952.1,10936.2,20.028571428571404,-28.67,-46.06,BUY
11056.3,11069.8,11076.2,11055.8,17.485714285714494,-36.72,-12.8,SELL
11282.3,11294.3,11298.4,11279.1,16.75000000000013,-34.62,-11.65,SELL
11294.1,11291.1,11294.6,11279.9,16.578571428571585,-30.16,-14.71,SELL
11291.4,11286.3,11292.1,11279.0,16.764285714285897,-26.41,-19.57,SELL
11192.7,11192.5,11196.7,11182.2,21.6785714285713,29.09,2.87,BUY
11119.8,11136.1,11136.8,11114.3,21.757142857143013,30.96,13.43,BUY
11136.2,11114.8,11137.7,11104.6,22.67857142857156,31.8,17.93,BUY
11131.5,11135.8,11136.3,11118.5,39.28571428571403,-18.51,7.37,SELL
11136.2,11123.2,11136.8,11118.3,37.84999999999972,-15.35,3.08,SELL
11118.2,11104.3,11127.0,11095.3,34.27857142857153,4.83,-0.56,BUY
11106.3,11110.0,11117.5,11091.5,28.328571428571326,14.95,-0.24,BUY
11110.3,11110.2,11118.0,11101.4,25.942857142857065,11.37,1.57,BUY
11130.2,11116.5,11132.8,11113.5,23.742857142857115,3.17,7.71,SELL
11142.2,11142.2,11146.1,11136.5,19.56428571428569,-4.29,-0.86,SELL
11142.4,11150.2,11155.7,11136.0,19.785714285714285,-3.77,-1.58,SELL
11175.7,11168.5,11178.4,11167.9,15.214285714285714,-14.15,-11.39,SELL
11334.9,11333.1,11337.7,11327.2,12.492857142857247,-17.17,-6.73,SELL
11333.2,11326.2,11338.3,11323.7,12.414285714285793,-18.53,-7.42,SELL
11350.2,11353.0,11362.9,11343.3,13.921428571428676,-20.65,-13.55,SELL
11353.5,11325.9,11354.6,11309.0,16.421428571428674,-20.04,-15.11,SELL
11355.4,11348.9,11366.8,11326.9,55.38571428571426,35.64,16.38,BUY
11352.3,11331.7,11355.0,11309.9,51.07857142857146,24.8,28.83,SELL
11331.9,11349.4,11356.7,11329.7,49.27142857142852,13.83,30.36,SELL
11372.2,11360.6,11377.4,11344.0,38.621428571428496,-17.87,16.74,SELL
11444.8,11452.3,11457.8,11444.6,18.84285714285722,3.47,-17.97,BUY
11403.8,11402.4,11416.2,11398.9,23.985714285714362,-23.93,0.93,SELL
11528.0,11526.7,11529.5,11522.0,11.899999999999896,-11.73,-7.15,SELL
11527.0,11548.7,11549.2,11526.7,12.578571428571324,-11.28,-7.31,SELL
11498.7,11508.2,11512.1,11498.7,8.585714285714207,-1.22,-9.03,BUY
11562.2,11578.6,11579.7,11559.9,13.271428571428649,-7.35,-0.07,SELL
11470.7,11465.7,11474.9,11462.2,22.535714285714157,58.73,16.26,BUY
11267.0,11260.4,11267.4,11255.2,19.628571428571377,21.2,17.62,BUY
11345.3,11327.8,11345.8,11324.6,18.285714285714285,-12.39,-5.5,SELL
11456.9,11466.1,11469.5,11455.6,17.93571428571418,-23.66,-13.72,SELL
11598.6,11594.9,11600.2,11592.7,13.507142857142883,-27.75,-19.55,SELL
11870.8,11881.8,11882.3,11863.2,22.378571428571508,-56.14,-36.13,SELL
11882.1,11880.1,11882.3,11870.1,21.835714285714207,-52.28,-38.11,SELL
11879.9,11885.1,11887.9,11875.8,20.400000000000027,-50.03,-39.81,SELL
11903.6,11907.2,11911.8,11902.7,12.464285714285584,-5.64,-9.19,BUY
11868.3,11853.1,11868.3,11851.5,19.814285714285948,20.87,-3.96,BUY
11860.1,11855.2,11867.2,11851.7,20.807142857142935,-13.63,-8.59,SELL
11855.0,11856.0,11863.0,11848.5,20.178571428571427,-14.94,-9.35,SELL
11868.2,11872.2,11875.6,11863.9,19.528571428571404,-12.07,-9.77,SELL
11695.1,11698.2,11700.9,11686.7,25.357142857142986,-48.03,7.19,SELL
11834.5,11820.9,11841.4,11816.9,20.74285714285738,-25.71,-23.02,SELL
11807.2,11803.3,11810.6,11801.0,21.45000000000021,-4.25,-15.22,BUY
11891.0,11891.5,11896.0,11889.1,7.6785714285715585,-35.69,-12.87,SELL
11909.6,11904.4,11912.6,11899.6,32.435714285714184,29.12,4.26,BUY
11935.5,11936.9,11946.4,11931.6,24.514285714285506,11.49,19.87,SELL
12012.7,12019.7,12019.8,12010.5,19.11428571428574,65.89,6.23,BUY
12019.5,12010.0,12021.5,12007.1,20.007142857142753,69.32,16.93,BUY
11957.6,11967.6,11969.6,11948.2,17.328571428571326,11.21,-3.79,BUY
11998.4,12007.3,12010.0,11992.3,36.79285714285704,-19.21,-1.07,SELL
12014.0,12006.0,12015.4,11988.4,17.657142857142908,-21.7,-23.5,BUY
12055.7,12055.6,12058.3,12051.8,10.164285714285793,-9.54,-13.47,BUY
12777.3,12755.9,12779.2,12751.1,28.11428571428561,-55.49,-31.89,SELL
12791.4,12801.0,12803.5,12786.5,16.721428571428856,-12.31,-23.87,BUY
12680.0,12654.6,12699.8,12646.6,51.86428571428561,18.65,2.47,BUY
12654.5,12646.1,12674.7,12646.1,50.07857142857132,9.23,4.86,BUY
12627.1,12620.1,12630.1,12615.6,53.72142857142847,15.47,11.41,BUY
12599.8,12605.1,12606.2,12594.3,52.41428571428566,19.81,9.34,BUY
12599.7,12595.8,12602.7,12594.7,10.535714285714675,43.32,49.19,SELL
12589.2,12572.1,12597.2,12570.1,30.264285714285897,18.67,20.22,SELL
12482.4,12497.3,12501.7,12480.8,23.392857142857142,-22.23,-8.15,SELL
12497.2,12496.1,12505.6,12493.4,22.871428571428623,-21.23,-11.24,SELL
12420.5,12459.6,12472.0,12417.0,61.228571428571094,-28.34,-18.11,SELL
12598.0,12590.5,12613.5,12580.0,50.935714285714184,36.95,-9.22,BUY
12656.5,12642.5,12687.5,12642.5,37.46428571428584,-5.46,11.78,SELL
12698.8,12700.6,12700.6,12697.2,22.464285714285843,-38.79,-55.89,BUY
12701.3,12692.7,12702.0,12690.5,10.721428571428858,-9.3,-39.92,BUY
12710.1,12713.7,12716.5,12704.7,11.257142857142883,1.36,-0.62,BUY
12507.8,12536.6,12539.6,12504.2,29.72857142857161,57.93,33.2,BUY
12503.3,12522.1,12523.9,12502.6,22.878571428571377,-7.96,9.19,SELL
12522.2,12521.7,12528.8,12503.3,23.785714285714285,-6.25,3.52,SELL
12656.9,12642.8,12659.0,12640.0,17.150000000000155,-3.26,4.83,SELL
12543.2,12550.0,12551.5,12530.4,28.757142857142885,32.07,6.37,BUY
12549.9,12524.0,12549.9,12520.3,29.557142857142935,30.23,9.78,BUY
12538.3,12501.0,12541.5,12500.3,22.56428571428569,26.25,20.98,BUY
12387.8,12392.4,12394.5,12387.8,23.692857142857196,26.1,24.09,BUY
12266.2,12274.7,12276.0,12264.8,18.721428571428856,22.61,17.81,BUY
12289.5,12342.5,12351.5,12288.1,35.99999999999987,-6.12,19.26,SELL
12270.5,12266.6,12279.5,12254.7,27.257142857143013,10.71,1.58,BUY
12234.1,12233.7,12250.2,12229.0,22.935714285714443,33.68,22.47,BUY
12351.4,12355.4,12357.6,12349.9,8.400000000000025,-11.37,-6.82,SELL
12499.1,12499.1,12506.1,12495.9,19.07142857142844,-38.46,-19.23,SELL
12430.6,12401.0,12430.9,12391.6,47.192857142857065,8.47,-23.44,BUY
12402.6,12400.6,12420.6,12399.0,44.80714285714281,22.14,-19.93,BUY
12537.0,12539.5,12563.9,12536.3,27.757142857143013,-10.18,26.69,SELL
12553.2,12546.3,12564.4,12537.8,28.47857142857161,-28.11,9.46,SELL
12547.3,12543.8,12549.7,12531.0,28.564285714285948,-32.57,0.37,SELL
12517.2,12530.3,12533.0,12517.2,28.357142857142986,-42.5,-37.2,SELL
12531.9,12532.6,12533.4,12529.5,10.185714285714312,24.31,-7.5,BUY
12537.6,12543.1,12545.0,12535.2,8.128571428571377,0.07,-2.59,BUY
12619.6,12618.8,12625.2,12616.1,23.628571428571508,-11.39,-3.84,SELL
12595.3,12580.4,12601.4,12564.4,24.857142857142858,-24.42,-9.32,SELL
12587.9,12578.7,12589.4,12573.2,22.357142857142726,-27.68,-17.66,SELL
12338.7,12336.8,12340.9,12330.7,14.628571428571506,52.55,12.84,BUY
12335.1,12328.4,12335.1,12320.7,13.20714285714283,43.84,28.27,BUY
12328.3,12338.6,12344.2,12327.1,14.171428571428676,41.69,32.45,BUY
12338.4,12328.8,12339.4,12328.4,14.264285714285895,40.57,36.53,BUY
12318.7,12316.7,12323.3,12313.1,15.685714285714052,48.64,47.09,BUY
12258.8,12268.0,12269.1,12249.9,21.278571428571663,18.7,16.19,BUY
12289.2,12288.7,12297.8,12286.8,16.164285714285533,5.51,14.51,SELL
12349.7,12350.2,12350.8,12347.1,16.228571428570962,-8.62,-3.22,SELL
12237.1,12222.2,12237.1,12217.5,11.45714285714296,5.72,-7.72,BUY
12095.9,12086.6,12095.9,12084.6,10.850000000000104,4.81,11.7,SELL
12051.8,12054.0,12068.8,12049.3,20.600000000000232,2.14,8.69,SELL
12073.7,12068.0,12074.1,12060.9,19.764285714285638,2.51,-4.41,BUY
12145.7,12147.4,12148.9,12143.6,12.892857142857142,-39.05,-13.91,SELL
12147.6,12155.9,12157.4,12146.6,8.285714285714286,-40.29,-20.04,SELL
12169.2,12159.5,12176.7,12157.1,30.81428571428582,4.29,-19.91,BUY
12013.9,12022.1,12025.9,12013.0,21.75,56.24,27.64,BUY
12208.8,12195.4,12208.9,12188.4,19.05000000000005,-42.99,12.56,SELL
12162.9,12168.4,12169.5,12162.6,15.849999999999843,-18.54,-2.44,SELL
12168.2,12163.0,12168.4,12160.9,14.528571428571272,-14.03,-7.66,SELL
11926.5,11911.7,11933.7,11907.7,30.085714285714467,17.97,15.56,BUY
11941.4,11928.9,11943.4,11923.4,20.54285714285717,15.74,19.47,SELL
11930.8,11952.3,11957.8,11929.2,21.049999999999923,13.5,18.14,SELL
11974.1,11973.1,11974.6,11972.8,7.692857142857325,-5.29,3.15,SELL
12077.6,12076.6,12082.4,12075.0,16.357142857142467,9.88,8.82,BUY
12129.6,12123.2,12134.7,12121.8,13.100000000000493,-14.82,-0.8,SELL
11945.3,11946.1,11951.5,11928.6,30.18571428571418,18.24,-10.88,BUY
11934.0,11929.8,11945.0,11925.6,23.36428571428561,24.4,-3.62,BUY
12067.4,12053.2,12070.5,12053.0,18.471428571428596,-28.51,-14.97,SELL
12032.4,12044.2,12048.5,12032.4,19.54285714285717,-20.58,-15.35,SELL
12044.4,12044.6,12051.6,12038.7,19.55000000000005,-18.29,-15.61,SELL
12204.8,12212.4,12216.9,12203.9,16.057142857142804,-2.9,-7.85,BUY
12348.0,12326.5,12348.0,12324.5,14.157142857142778,18.21,-5.17,BUY
12161.7,12158.3,12168.3,12157.3,14.79285714285717,16.7,9.72,BUY
12191.2,12192.1,12195.1,12181.3,19.957142857142962,-5.08,-9.13,BUY
12157.8,12160.1,12173.3,12157.4,17.04285714285717,23.16,13.23,BUY
12138.2,12139.2,12141.7,12135.4,12.200000000000207,13.22,18.11,SELL
12312.4,12286.6,12312.6,12282.3,23.107142857142858,-36.58,-6.06,SELL
12286.4,12282.8,12291.8,12272.2,22.621428571428492,-33.5,-10.69,SELL
12268.2,12275.1,12282.3,12266.6,19.607142857142858,-7.77,-13.02,BUY
12253.2,12263.1,12269.3,12250.2,19.964285714285456,15.7,-9.24,BUY
12218.6,12222.4,12228.7,12208.9,21.192857142857324,20.48,8.98,BUY
12100.2,12070.8,12102.1,12070.4,22.928571428571427,48.04,21.38,BUY
12069.9,12081.1,12087.3,12067.6,23.63571428571426,49.53,26.36,BUY
12096.4,12077.2,12104.1,12068.7,25.992857142857115,57.94,41.36,BUY
11963.6,11967.1,11978.6,11959.8,35.73571428571462,-39.56,0.54,SELL
11967.3,11922.1,11977.8,11921.3,35.00000000000026,-38.98,-10.39,SELL
11922.2,11923.7,11935.1,11912.3,34.73571428571462,-34.26,-21.18,SELL
11922.2,11924.9,11937.6,11918.3,32.32142857142883,-23.89,-29.21,BUY
11816.1,11796.4,11819.4,11793.1,24.692857142856933,43.28,36.03,BUY
11796.3,11804.4,11809.9,11788.4,23.285714285714025,45.22,39.46,BUY
11803.6,11800.5,11806.1,11792.5,22.699999999999818,47.11,42.1,BUY
11927.9,11958.4,11980.7,11924.9,28.04285714285743,-31.69,-14.36,SELL
11915.5,11927.0,11949.7,11911.7,25.857142857142986,-28.77,-24.57,SELL
11938.2,11952.5,11988.7,11923.0,62.221428571428724,-60.63,-24.76,SELL
11992.5,11995.0,12002.0,11974.0,44.071428571428314,25.84,7.62,BUY
12027.9,12024.7,12032.6,12005.0,33.73571428571423,-23.71,-0.78,SELL
11961.7,11948.2,11965.9,11943.4,12.442857142856935,24.6,34.19,SELL
12169.5,12182.6,12185.9,12166.9,26.814285714285557,-51.4,-21.22,SELL
12181.0,12180.0,12186.8,12170.5,25.79999999999979,-49.61,-28.36,SELL
12039.2,12068.5,12068.5,12029.8,27.56428571428569,16.19,2.32,BUY
12185.6,12187.0,12190.7,12185.6,20.94999999999995,-21.12,6.76,SELL
12115.5,12151.9,12153.6,12112.9,27.878571428571636,-1.76,3.17,SELL
12228.6,12230.3,12249.3,12226.6,38.349999999999845,-41.84,-23.49,SELL
12512.4,12501.4,12521.1,12490.2,28.34285714285722,-89.57,-46.63,SELL
12528.4,12517.3,12532.4,12515.2,19.63571428571439,-14.32,-25.15,BUY
12538.2,12542.5,12564.2,12533.2,24.457142857142962,-16.61,1.99,SELL
12543.0,12526.8,12549.0,12519.3,24.071428571428573,-16.05,-14.34,SELL
12625.5,12627.5,12635.3,12622.3,17.80000000000044,1.38,-4.22,BUY
12659.9,12664.8,12668.2,12654.6,14.300000000000182,-10.94,1.82,SELL
12564.0,12567.1,12572.5,12558.6,47.62857142857125,77.69,24.77,BUY
12573.1,12568.3,12575.0,12566.6,30.299999999999923,102.28,77.08,BUY
12568.9,12579.6,12582.0,12568.9,18.692857142857196,108.3,98.0,BUY
12689.4,12684.4,12692.3,12680.5,20.428571428571427,59.02,95.58,SELL
12684.3,12667.8,12684.3,12667.1,20.671428571428546,46.23,89.36,SELL
12748.3,12718.2,12750.6,12715.6,48.33571428571434,31.55,24.82,BUY
12648.6,12678.2,12678.7,12648.6,19.592857142857092,-12.21,-21.98,BUY
12629.0,12640.6,12643.3,12629.0,27.13571428571426,10.31,3.96,BUY
12640.3,12684.9,12704.8,12639.8,29.599999999999973,13.05,4.84,BUY
12677.0,12668.3,12689.1,12662.1,24.49999999999974,-16.29,6.05,SELL
12704.6,12679.1,12704.8,12678.3,24.19999999999956,-10.87,-2.72,SELL
12679.3,12676.1,12684.1,12672.0,23.164285714285402,-10.28,-5.25,SELL
12725.1,12715.1,12728.6,12707.1,20.63571428571439,31.1,-11.89,BUY
12714.4,12702.9,12715.4,12690.5,20.807142857142935,33.3,-7.1,BUY
12675.1,12669.9,12682.1,12664.4,17.52142857142878,27.86,21.52,BUY
12701.6,12705.4,12712.9,12697.5,14.800000000000182,-6.88,20.43,SELL
12597.6,12584.7,12601.7,12583.3,16.942857142857065,15.47,3.02,BUY
12715.0,12714.6,12716.8,12712.2,12.142857142857142,-43.16,-1.76,SELL
13027.7,13046.8,13046.8,13024.2,19.071428571428573,-19.77,-8.78,SELL
13046.7,13054.3,13059.3,13045.5,18.807142857142804,-19.54,-10.12,SELL
13107.9,13114.7,13118.6,13103.2,21.621428571428883,13.48,7.97,BUY
13114.6,13118.4,13129.3,13114.3,21.307142857143067,15.75,6.26,BUY
13089.7,13096.9,13100.8,13089.4,18.42857142857156,24.8,13.7,BUY
12926.8,12931.2,12940.8,12924.7,18.235714285714234,38.27,6.39,BUY
13013.1,13035.5,13041.7,13013.1,18.32142857142831,-30.75,-13.21,SELL
13035.9,13026.0,13038.5,13022.2,18.528571428571013,-32.9,-17.67,SELL
13025.6,13024.1,13029.9,13021.2,16.79999999999953,-35.37,-22.28,SELL
12944.5,12931.5,12944.7,12925.1,11.421428571428676,22.9,-19.17,BUY
12931.7,12915.0,12937.1,12907.0,12.714285714285845,21.15,-14.0,BUY
12990.7,12992.7,12999.1,12987.7,17.064285714285557,-8.92,-5.08,SELL
12964.4,12952.2,12966.7,12950.2,16.942857142857196,16.06,5.34,BUY
12912.9,12935.7,12935.9,12912.7,24.599999999999845,36.01,19.82,BUY
12935.8,12951.3,12954.8,12932.5,23.47857142857122,36.19,21.93,BUY
12951.4,12955.2,12960.7,12946.5,22.38571428571413,32.94,23.8,BUY
12970.5,12970.2,12979.9,12969.3,15.792857142856908,-3.33,27.08,SELL
12967.9,12974.0,12975.9,12959.9,15.88571428571413,-25.34,9.28,SELL
12982.3,12984.4,12994.5,12979.9,16.328571428571713,-20.94,-11.17,SELL
12844.4,12844.8,12846.0,12843.0,12.600000000000104,24.55,15.4,BUY
13015.7,13029.9,13032.9,13014.9,18.035714285714285,-27.82,-5.05,SELL
13067.6,13073.7,13079.7,13062.6,18.550000000000182,17.34,12.44,BUY
13045.3,13064.1,13067.8,13043.6,17.57142857142844,-17.98,-0.46,SELL
12950.7,12947.7,12950.7,12941.7,7.735714285713974,3.8,-1.78,BUY
12996.1,12999.1,13000.7,12996.1,17.61428571428613,26.72,-2.34,BUY
13000.8,13000.6,13002.1,12999.1,14.371428571429012,11.01,-1.54,BUY
12932.3,12931.7,12932.7,12921.5,9.742857142856726,18.59,2.14,BUY
12989.0,13001.5,13003.2,12988.1,18.95714285714283,-15.72,-2.8,SELL
13001.6,12996.0,13003.5,12984.9,19.407142857142908,-13.58,-5.48,SELL
12894.9,12904.0,12907.4,12894.0,15.742857142857117,-19.39,-9.63,SELL
13073.8,13075.5,13077.3,13068.5,13.050000000000052,-23.44,-21.45,SELL
13076.0,13078.0,13083.9,13075.9,12.70714285714283,-23.22,-22.0,SELL
13119.8,13119.2,13122.5,13117.7,6.650000000000026,42.8,5.87,BUY
13184.6,13190.2,13192.0,13180.0,17.09285714285722,14.98,20.68,SELL
13190.0,13168.6,13191.2,13166.9,16.892857142857274,12.03,23.79,SELL
13067.2,13076.7,13077.3,13059.5,19.850000000000104,37.66,-5.94,BUY
13076.4,13070.3,13078.3,13062.9,19.29285714285717,30.68,-0.69,BUY
13071.8,13067.1,13073.0,13066.3,6.764285714285506,-28.64,-10.66,SELL
13279.7,13284.9,13286.8,13276.2,11.142857142857272,-6.46,-13.69,BUY
13222.6,13220.7,13224.6,13218.8,6.22857142857148,7.77,-11.82,BUY
13320.5,13324.1,13326.6,13316.0,21.735714285714234,18.21,2.08,BUY
13364.3,13353.7,13364.3,13343.0,15.035714285714155,-43.62,-18.77,SELL
13356.6,13352.4,13357.1,13351.8,14.421428571428546,-34.07,-23.43,SELL
13352.7,13352.6,13355.2,13350.9,13.807142857142935,-31.46,-27.31,SELL
13324.6,13322.9,13329.1,13317.9,16.29285714285717,12.43,3.28,BUY
13460.1,13453.8,13463.3,13446.9,16.97857142857135,-20.1,-12.14,SELL
13433.6,13437.3,13438.1,13433.1,5.900000000000026,-0.96,-16.26,BUY
13437.1,13439.1,13439.1,13431.5,6.13571428571439,-1.62,-14.48,BUY
13762.1,13769.8,13776.6,13760.1,17.314285714285948,-44.86,-15.92,SELL
13735.7,13731.5,13739.6,13720.0,20.785714285714416,-20.34,-18.63,SELL
13781.7,13791.5,13792.2,13776.8,13.450000000000339,-8.67,-4.91,SELL
13686.0,13677.4,13688.6,13669.8,19.857142857142986,20.44,1.47,BUY
13677.3,13682.0,13684.3,13669.3,19.542857142857297,21.3,4.0,BUY
13851.6,13857.0,13859.5,13850.2,28.899999999999896,-67.87,-7.89,SELL
13857.2,13863.0,13865.2,13856.7,28.47142857142847,-76.19,-17.0,SELL
14220.5,14245.7,14245.9,14214.8,22.22142857142847,-66.86,-39.27,SELL
14245.5,14252.9,14257.4,14237.3,21.61428571428561,-61.43,-42.11,SELL
14253.7,14250.8,14260.8,14248.3,20.43571428571418,-56.51,-45.78,SELL
14372.4,14347.2,14375.0,14342.2,19.54285714285717,15.31,7.88,BUY
14258.0,14245.0,14261.2,14241.4,18.49999999999974,16.21,9.41,BUY
14292.5,14298.0,14301.5,14291.8,15.578571428571324,-8.25,12.11,SELL
14280.2,14285.8,14287.4,14278.9,13.942857142857195,5.02,10.79,SELL
14420.9,14420.8,14425.4,14410.0,14.65714285714291,-35.14,-14.62,SELL
14518.7,14514.7,14518.9,14509.7,9.900000000000025,-15.37,-23.36,BUY
14513.7,14514.0,14517.0,14512.1,9.664285714285663,-19.39,-26.39,BUY
14514.1,14513.9,14516.0,14513.4,9.349999999999975,-22.85,-28.83,BUY
14651.2,14647.5,14653.9,14635.7,20.699999999999687,-20.78,-13.05,SELL
14647.1,14644.3,14651.5,14640.6,19.849999999999714,-21.4,-12.93,SELL
14619.5,14643.5,14643.5,14616.8,16.74999999999987,-26.78,-19.8,SELL
14556.3,14558.9,14559.0,14556.3,9.471428571428337,-6.46,-16.4,BUY
14538.9,14539.9,14541.4,14532.8,5.714285714285714,-0.72,-6.9,BUY
14393.9,14372.9,14396.9,14368.0,26.542857142857038,31.62,23.7,BUY
14299.3,14294.9,14300.9,14294.9,15.907142857142519,19.68,13.15,BUY
14295.4,14293.8,14296.4,14292.8,14.528571428571142,19.76,12.28,BUY
14496.2,14512.7,14513.7,14483.4,24.700000000000077,36.61,19.3,BUY
14512.5,14530.0,14530.7,14505.1,24.59285714285722,32.55,25.1,BUY
14547.4,14557.7,14557.7,14544.1,21.471428571428728,26.41,30.93,SELL
14557.4,14555.2,14558.4,14548.4,19.828571428571585,24.23,31.38,SELL
14902.6,14896.7,14918.0,14892.5,26.92857142857156,23.84,15.07,BUY
14882.1,14893.4,14894.6,14875.2,18.849999999999845,-0.94,2.38,SELL
14899.9,14906.7,14911.2,14898.2,10.757142857143142,13.25,-7.45,BUY
15074.2,15062.2,15076.9,15044.4,30.1785714285713,-53.21,-7.45,SELL
15120.8,15093.9,15130.1,15090.2,26.90714285714304,-32.8,-9.72,SELL
15093.8,15108.3,15109.4,15090.2,25.90714285714304,-31.63,-11.62,SELL
15122.7,15099.2,15125.7,15098.9,23.307142857142935,-28.97,-26.81,SELL
15171.7,15152.7,15181.5,15151.7,27.314285714285557,-1.33,-3.16,BUY
14994.9,14999.6,15011.1,14991.8,23.04999999999979,49.08,15.88,BUY
14889.8,14861.4,14890.5,14861.3,22.43571428571431,39.62,0.09,BUY
14848.8,14868.3,14868.3,14846.5,21.97857142857148,33.3,4.52,BUY
14868.9,14877.2,14890.0,14867.5,22.142857142857142,29.6,8.99,BUY
14820.3,14818.9,14824.9,14818.3,9.34285714285709,21.77,7.45,BUY
14819.4,14816.6,14821.3,14814.8,9.435714285714182,20.35,6.42,BUY
14952.1,14963.8,14965.3,14944.6,22.235714285714234,-31.39,-0.95,SELL
14964.0,14958.3,14976.0,14954.1,22.142857142857014,-24.93,-6.14,SELL
14951.0,14940.1,14954.5,14936.4,9.86428571428587,2.03,-4.51,BUY
14907.7,14913.9,14913.9,14896.4,32.56428571428569,2.98,-4.26,BUY
14914.2,14890.7,14916.1,14883.9,32.48571428571423,0.71,-5.36,BUY
14936.3,14938.3,14946.3,14934.1,14.585714285714337,-15.27,-11.38,SELL
14737.0,14719.0,14741.9,14711.6,27.121428571428492,44.22,23.84,BUY
14718.9,14718.8,14735.8,14710.9,27.564285714285557,44.18,32.49,BUY
14740.7,14740.7,14750.2,14735.6,24.95714285714283,48.45,46.59,BUY
14709.9,14706.5,14710.3,14703.7,14.714285714285584,22.81,32.56,SELL
14741.4,14734.6,14742.4,14726.3,8.278571428571402,-1.95,13.34,SELL
14912.6,14905.2,14914.3,14901.2,14.471428571428598,-29.75,-5.44,SELL
14905.3,14918.3,14924.6,14905.3,14.900000000000025,-28.57,-10.82,SELL
14928.2,14932.2,14933.7,14921.1,28.192857142857065,19.25,-11.2,BUY
14893.0,14901.9,14905.3,14888.1,33.71428571428545,24.14,-12.35,BUY
14950.9,14955.4,14963.3,14948.2,22.13571428571413,-2.49,-8.33,BUY
15119.5,15111.2,15120.1,15110.6,6.807142857142805,1.72,-8.52,BUY
15212.7,15204.3,15214.2,15197.1,18.34285714285722,-15.38,-6.37,SELL
15026.5,15015.9,15027.7,15013.5,21.107142857142986,3.05,6.28,SELL
15066.6,15080.9,15089.4,15065.6,28.035714285714157,-2.35,-13.33,BUY
15182.8,15186.9,15192.4,15182.5,12.392857142857142,-28.49,-10.2,SELL
14988.6,14992.8,14994.3,14988.5,8.664285714285663,30.02,-6.57,BUY
14993.7,14991.5,14994.6,14989.8,9.45714285714283,27.26,-0.16,BUY
15042.2,15029.7,15042.2,15023.1,20.535714285714285,-15.83,-14.02,SELL
15153.7,15157.3,15158.1,15148.7,6.2714285714286495,-14.05,-7.75,SELL
15157.2,15153.2,15157.2,15152.3,6.435714285714441,-12.89,-7.32,SELL
15279.4,15271.8,15283.6,15267.6,23.77857142857179,34.61,-7.44,BUY
15650.4,15642.7,15651.9,15619.8,17.928571428571168,1.3,-1.72,BUY
15651.7,15655.7,15659.2,15647.1,18.307142857142804,-9.18,0.1,SELL
15816.4,15814.2,15822.0,15813.2,14.407142857142778,-34.0,-5.9,SELL
15812.5,15819.5,15821.2,15808.4,14.11428571428574,-29.85,-10.63,SELL
15819.2,15816.9,15820.1,15809.7,14.107142857142858,-25.57,-13.03,SELL
15864.8,15874.0,15874.1,15864.6,9.685714285714441,-14.07,-19.21,BUY
15785.0,15783.7,15794.0,15780.2,18.285714285714416,21.1,-0.5,BUY
15783.9,15792.9,15799.9,15783.7,18.171428571428674,18.13,4.09,BUY
15494.7,15507.6,15510.2,15493.8,18.13571428571439,11.54,8.89,BUY
15481.6,15474.3,15492.8,15473.8,24.371428571428883,-8.26,3.31,SELL
15431.3,15441.0,15447.0,15430.1,16.578571428571713,0.72,-2.39,BUY
15441.1,15434.6,15443.5,15429.6,14.592857142857222,2.39,-0.75,BUY
15518.0,15516.5,15520.1,15512.9,12.664285714285922,31.07,0.19,BUY
15516.6,15516.9,15519.6,15513.6,12.442857142857324,35.96,6.26,BUY
15523.6,15518.1,15524.9,15514.5,27.91428571428566,-11.07,6.73,SELL
15691.4,15696.4,15696.7,15690.6,18.971428571428856,-50.25,-15.85,SELL
15696.2,15694.2,15697.5,15691.2,18.850000000000232,-53.97,-24.4,SELL
15690.0,15687.7,15690.0,15684.2,18.607142857142858,-76.23,-44.17,SELL
15743.5,15738.0,15749.7,15736.9,18.600000000000495,-10.56,-13.19,BUY
15593.0,15597.3,15599.4,15590.1,15.414285714285663,-14.11,9.36,SELL
15596.9,15598.0,15602.3,15596.9,14.771428571428519,-17.79,3.59,SELL
15597.9,15596.4,15602.3,15593.0,17.435714285714443,-48.13,-15.66,SELL
15732.6,15751.6,15757.7,15725.8,19.52857142857179,-15.03,-17.78,BUY
15376.4,15376.7,15385.2,15371.2,23.535714285714285,-12.33,-0.41,SELL
15371.9,15377.9,15383.1,15369.4,10.535714285714025,-4.88,-9.5,BUY
15369.5,15367.2,15372.6,15364.1,11.149999999999896,-0.02,-7.51,BUY
15414.6,15418.5,15425.3,15402.8,42.22857142857122,6.04,2.25,BUY
15445.6,15473.8,15479.2,15442.6,21.871428571428492,-22.48,2.74,SELL
15484.2,15489.3,15489.7,15470.7,18.542857142857038,-32.42,-28.57,SELL
15275.8,15277.5,15285.2,15275.8,22.671428571428287,44.45,-12.14,BUY
15277.3,15294.2,15294.5,15276.3,22.04999999999979,38.13,-3.9,BUY
15299.7,15311.9,15311.9,15294.4,23.892857142857274,18.66,6.4,BUY
15352.2,15363.4,15364.0,15350.8,15.72857142857122,-10.18,7.66,SELL
15147.8,15158.4,15166.8,15147.8,22.807142857143067,18.32,7.92,BUY
15320.2,15311.6,15320.9,15310.8,9.65714285714304,-16.41,2.64,SELL
15112.8,15109.7,15113.6,15103.9,24.064285714285948,42.63,1.42,BUY
15109.8,15098.8,15118.3,15097.9,23.964285714285975,42.0,4.42,BUY
15170.6,15170.3,15172.8,15157.5,16.32142857142844,-20.01,8.92,SELL
15191.9,15201.1,15209.2,15188.6,28.878571428571245,37.63,33.55,BUY
15122.8,15099.2,15124.9,15085.8,26.199999999999818,13.45,36.32,SELL
15132.9,15137.6,15137.9,15130.4,19.764285714286025,-1.59,1.13,SELL
15100.8,15098.9,15103.7,15096.8,11.128571428571506,1.95,-2.08,BUY
15104.9,15111.1,15114.6,15104.7,11.528571428571402,5.23,-6.1,BUY
14919.9,14912.9,14921.6,14910.5,8.064285714285948,-1.5,20.88,SELL
14770.5,14772.7,14774.2,14768.6,14.457142857142701,-28.97,-14.16,SELL
14796.9,14816.5,14821.0,14795.1,20.72142857142847,21.1,16.23,BUY
14908.4,14906.5,14919.9,14905.8,14.942857142857195,-34.84,4.34,SELL
14952.9,14947.2,14962.5,14945.8,23.628571428571377,8.27,-12.52,BUY
14925.5,14932.2,14935.8,14920.3,23.357142857142858,-1.97,-14.46,BUY
14910.7,14901.8,14919.5,14899.2,20.83571428571434,15.8,3.69,BUY
14901.7,14929.8,14930.1,14899.3,21.63571428571439,18.27,7.26,BUY
15123.9,15138.3,15141.8,15123.9,15.63571428571387,-43.89,-9.52,SELL
14928.0,14930.0,14939.2,14920.8,28.314285714285557,85.25,13.1,BUY
14929.7,14930.1,14942.1,14916.3,28.44999999999995,78.56,28.91,BUY
14945.8,14961.0,14963.9,14944.4,18.064285714285557,8.46,33.27,SELL
14834.1,14838.0,14841.5,14830.3,9.742857142857247,-0.81,15.2,SELL
14834.4,14852.0,14852.7,14820.9,28.821428571428573,-18.47,-8.92,SELL
14819.0,14841.0,14841.5,14816.0,27.714285714285975,-9.41,-17.58,BUY
14840.8,14840.7,14843.7,14828.7,26.84285714285735,-8.62,-15.91,BUY
14840.9,14841.8,14848.9,14834.9,25.13571428571452,-8.07,-14.14,BUY
15332.6,15337.7,15344.1,15329.1,18.621428571428755,-59.71,-41.62,SELL
15458.5,15472.3,15477.8,15455.5,16.5,-15.07,-9.92,SELL
15526.2,15523.9,15527.3,15522.6,8.34285714285709,-2.97,-11.84,BUY
15476.0,15471.7,15485.1,15467.6,25.72857142857161,24.69,4.08,BUY
15470.0,15464.5,15473.9,15461.0,22.77857142857153,24.83,6.91,BUY
15356.3,15340.2,15363.9,15337.4,17.400000000000027,20.03,-1.31,BUY
15253.5,15243.7,15254.7,15240.6,19.214285714285975,1.59,0.11,BUY
15301.7,15303.2,15304.1,15301.3,13.314285714285688,5.69,2.34,BUY
15356.7,15344.3,15357.1,15342.6,13.142857142857013,3.33,1.45,BUY
15293.9,15290.5,15300.6,15284.1,13.078571428571584,23.5,14.67,BUY
15379.5,15376.8,15384.5,15366.7,18.67857142857156,-30.27,-4.3,SELL
15372.8,15379.8,15386.7,15372.5,20.035714285714157,-24.0,-26.99,BUY
15367.6,15365.1,15368.3,15364.9,7.63571428571413,-9.84,-22.76,BUY
15469.2,15469.5,15482.7,15466.2,17.36428571428561,-15.31,-9.43,SELL
15229.0,15232.0,15241.4,15224.1,20.985714285714234,39.39,0.78,BUY
15232.8,15252.2,15258.3,15231.3,21.049999999999923,36.59,7.26,BUY
15251.8,15254.7,15258.3,15240.2,21.264285714285506,33.79,12.71,BUY
15090.8,15107.3,15109.8,15087.8,15.100000000000234,14.17,6.25,BUY
15107.5,15087.3,15108.1,15086.6,15.464285714285975,10.0,5.55,BUY
15165.3,15185.4,15186.8,15162.8,12.921428571428416,-2.73,1.53,SELL
14955.5,14955.5,14956.3,14951.8,11.6785714285713,66.41,44.29,BUY
14754.3,14772.8,14774.0,14754.2,8.371428571428623,-4.69,2.38,SELL
14828.9,14818.8,14837.5,14815.9,19.200000000000077,-31.9,-20.03,SELL
14789.7,14794.5,14807.2,14777.6,22.52857142857153,19.09,-14.83,BUY
14741.3,14749.6,14754.2,14737.9,16.921428571428415,-4.71,-0.56,SELL
14684.7,14694.5,14694.9,14684.2,12.621428571428753,-15.88,-11.3,SELL
14706.2,14719.9,14719.9,14704.7,11.057142857142935,2.89,-3.74,BUY
14588.4,14573.4,14589.9,14572.7,18.8928571428574,6.98,0.77,BUY
14496.1,14492.4,14505.1,14488.2,21.942857142857065,19.36,8.87,BUY
14492.5,14494.6,14503.4,14488.4,21.378571428571377,17.21,10.01,BUY
14601.1,14606.7,14607.4,14600.9,19.88571428571452,-19.78,3.64,SELL
14606.9,14604.4,14610.1,14603.7,19.328571428571585,-11.9,-0.86,SELL
14575.6,14575.3,14579.7,14572.6,10.192857142857065,2.05,-8.09,BUY
14542.1,14566.3,14566.5,14539.5,14.3214285714287,14.73,-2.28,BUY
14749.0,14751.0,14753.2,14737.5,23.150000000000286,-43.42,-12.67,SELL
14751.4,14748.2,14756.9,14741.0,22.97857142857161,-44.59,-19.26,SELL
14773.2,14745.4,14775.4,14745.2,18.899999999999896,-67.16,-49.44,SELL
14800.0,14795.6,14809.0,14790.4,27.492857142856987,26.93,0.79,BUY
14750.4,14748.6,14754.0,14746.5,11.799999999999793,-7.9,8.64,SELL
14889.2,14868.3,14895.2,14867.8,33.428571428571686,-20.37,-4.75,SELL
14868.4,14844.4,14871.9,14835.4,32.50000000000026,-19.64,-8.92,SELL
14843.4,14811.4,14848.0,14811.4,31.871428571428883,-18.39,-11.71,SELL
14766.5,14757.9,14782.1,14756.5,28.91428571428592,-11.25,-15.76,BUY
14820.8,14831.8,14833.6,14819.8,6.592857142856961,-23.41,-13.55,SELL
14604.1,14596.1,14611.0,14593.0,21.57142857142844,41.21,29.87,BUY
14538.4,14549.4,14551.3,14536.3,10.50000000000013,9.73,11.73,SELL
14626.7,14625.0,14632.9,14619.2,17.928571428571427,-22.41,4.66,SELL
14624.9,14617.3,14626.3,14612.7,18.014285714285506,-21.29,-1.31,SELL
14706.7,14695.2,14710.2,14680.0,29.68571428571431,-10.74,-8.69,SELL
14716.7,14739.2,14740.4,14716.4,25.578571428571713,-32.35,-30.1,SELL
14761.6,14759.3,14762.4,14759.1,17.264285714285897,-38.53,-28.79,SELL
14628.0,14656.1,14656.6,14620.5,24.078571428571326,33.15,14.99,BUY
14780.0,14768.1,14792.5,14767.4,35.71428571428559,-58.82,-23.79,SELL
14768.7,14781.4,14781.6,14763.6,32.47142857142834,-64.61,-32.09,SELL
14895.5,14900.2,14905.7,14893.4,23.078571428571585,9.2,-8.81,BUY
15231.3,15224.2,15233.3,15222.7,16.278571428571404,-40.21,-14.93,SELL
15151.0,15152.6,15155.0,15141.6,20.44999999999995,4.98,-8.58,BUY
15152.4,15141.1,15152.9,15139.9,20.214285714285584,1.95,-7.48,BUY
15157.4,15146.9,15161.7,15139.2,15.42857142857117,20.28,-1.09,BUY
15169.5,15168.4,15171.6,15154.9,23.128571428571636,36.54,6.4,BUY
15167.9,15170.6,15175.3,15150.3,23.18571428571457,29.24,9.92,BUY
15168.6,15183.8,15190.3,15160.6,22.892857142857274,22.29,13.12,BUY
15039.3,15039.3,15043.5,15031.5,22.321428571428573,17.87,9.05,BUY
15196.2,15206.3,15207.5,15194.8,16.121428571428233,-10.43,-12.59,BUY
15119.7,15103.6,15122.5,15101.0,11.414285714285793,9.28,-1.69,BUY
15152.9,15162.9,15164.1,15147.4,24.392857142857142,-39.43,-13.06,SELL
15163.4,15170.5,15174.1,15154.6,24.178571428571427,-36.42,-15.95,SELL
15171.0,15165.6,15175.4,15159.8,23.36428571428574,-34.6,-18.62,SELL
15033.9,15027.1,15036.5,15025.0,9.95714285714283,8.34,-5.09,BUY
15011.0,15013.4,15025.1,15004.5,28.31428571428582,11.89,2.98,BUY
14997.7,14995.1,15008.6,14989.7,27.457142857142962,-1.17,10.76,SELL
14911.5,14897.1,14914.8,14896.6,19.29999999999979,23.64,12.56,BUY
14950.8,14939.7,14954.3,14936.3,10.892857142857272,0.81,10.8,SELL
14913.9,14933.7,14934.6,14912.9,26.900000000000027,22.77,10.52,BUY
14822.3,14814.1,14822.8,14799.8,33.642857142857146,22.5,7.18,BUY
14788.1,14750.8,14789.1,14747.7,25.77142857142865,48.46,44.1,BUY
14638.4,14657.0,14658.5,14634.4,21.464285714285715,-41.59,-23.88,SELL
14692.5,14702.5,14703.0,14691.5,13.0,-26.25,-8.8,SELL
14703.8,14714.4,14715.5,14693.7,24.892857142857142,-7.05,-17.75,BUY
14676.3,14657.5,14679.0,14656.5,21.99999999999987,17.35,0.78,BUY
14435.1,14411.5,14436.1,14402.0,21.757142857142885,29.35,24.24,BUY
14231.2,14234.8,14237.3,14225.2,11.621428571428623,51.64,21.41,BUY
14234.7,14220.4,14235.4,14218.8,12.228571428571481,45.95,23.01,BUY
14243.8,14245.1,14250.3,14242.1,12.52142857142826,24.28,22.44,BUY
14088.6,14105.6,14106.4,14087.5,27.064285714285557,37.07,21.01,BUY
14074.7,14087.2,14093.5,14066.1,26.9285714285713,44.65,27.95,BUY
14105.2,14110.0,14120.2,14100.9,27.057142857142676,49.16,43.63,BUY
14110.1,14107.7,14111.9,14099.0,25.949999999999818,47.91,45.35,BUY
14253.1,14251.0,14253.2,14248.4,22.27142857142878,-1.53,-6.72,BUY
14281.5,14293.0,14300.8,14278.3,25.61428571428613,-23.16,-13.05,SELL
14178.3,14166.9,14187.8,14159.8,24.514285714286025,36.37,0.76,BUY
14289.8,14284.1,14292.8,14282.6,15.6785714285713,-47.19,-1.31,SELL
14339.8,14344.1,14356.6,14329.2,26.007142857142494,5.36,-6.16,BUY
14527.8,14517.0,14530.3,14514.6,24.057142857142935,-39.9,-23.56,SELL
14656.9,14662.9,14664.3,14655.8,16.535714285714157,-53.29,-9.79,SELL
14662.8,14665.0,14665.5,14662.0,14.507142857142753,-48.59,-10.76,SELL
14670.8,14673.6,14676.4,14669.1,10.028571428571272,-28.58,-22.22,SELL
14990.9,15012.5,15023.6,14987.4,34.614285714286,-29.94,-13.54,SELL
15249.7,15226.0,15253.7,15215.0,20.050000000000313,6.76,-15.12,BUY
15192.0,15196.7,15202.9,15187.0,26.06428571428582,38.88,14.65,BUY
15372.4,15363.9,15374.3,15363.5,18.692857142857456,-24.09,14.97,SELL
15452.2,15458.0,15458.4,15447.2,16.128571428571117,-38.07,-10.04,SELL
15458.1,15443.2,15458.1,15441.6,16.571428571428182,-37.45,-16.97,SELL
15443.4,15441.4,15447.1,15432.4,16.078571428571195,-36.55,-23.1,SELL
15826.7,15831.0,15835.0,15826.1,18.15714285714252,13.86,-5.86,BUY
15810.7,15822.5,15823.9,15805.7,15.949999999999818,0.06,-1.3,BUY
15984.5,15986.1,15989.7,15979.9,7.1357142857142595,-15.52,-10.89,SELL
16027.6,16020.5,16031.0,16019.3,18.685714285714052,2.07,-4.9,BUY
16020.9,16034.9,16036.8,16017.8,18.72857142857122,-0.42,-3.68,BUY
15997.8,15996.3,15997.9,15994.9,6.442857142857065,0.98,-3.43,BUY
15983.2,15978.0,15986.7,15976.7,11.464285714285714,-14.17,-7.59,SELL
16019.0,16030.4,16030.9,16014.5,16.028571428571404,27.45,9.02,BUY
16030.0,16034.8,16037.3,16025.8,16.128571428571377,26.52,12.97,BUY
15861.7,15852.9,15863.4,15844.8,16.92857142857169,22.24,24.06,SELL
15940.8,15936.0,15941.5,15935.2,6.699999999999948,-8.34,12.76,SELL
15935.8,15934.5,15935.8,15933.7,6.4785714285713505,-6.4,8.88,SELL
16000.7,15988.4,16002.0,15979.6,17.68571428571418,-29.02,-9.13,SELL
15988.2,15989.5,15993.2,15979.2,17.192857142857065,-26.91,-11.2,SELL
15798.0,15791.2,15799.6,15790.6,11.392857142857272,-6.38,0.35,SELL
15858.6,15868.1,15874.8,15853.8,22.064285714285557,-23.14,-4.2,SELL
15842.4,15849.2,15851.4,15837.4,20.671428571428546,10.64,-1.08,BUY
15849.5,15859.2,15863.3,15847.5,21.057142857142676,8.11,0.53,BUY
15850.8,15859.2,15863.2,15848.0,16.38571428571426,14.58,15.66,SELL
16004.2,16003.8,16011.2,15999.2,13.421428571428285,-18.5,-15.46,SELL
16035.5,16039.1,16040.9,16027.3,21.38571428571426,18.3,-0.6,BUY
16116.9,16133.8,16138.0,16108.0,23.6071428571426,-10.63,-3.76,SELL
16252.2,16255.2,16259.5,16245.4,21.964285714285975,-5.32,-7.89,BUY
16627.8,16633.1,16634.1,16626.2,11.057142857143324,-27.02,-18.09,SELL
16577.2,16569.7,16578.0,16569.7,19.285714285714285,58.09,4.99,BUY
16569.6,16575.1,16575.3,16569.1,17.400000000000155,49.8,11.18,BUY
16575.3,16576.7,16577.6,16574.5,16.171428571428674,41.42,16.61,BUY
16577.0,16581.3,16581.8,16575.6,14.085714285714337,33.12,21.3,BUY
16581.5,16582.4,16586.5,16577.8,13.371428571428623,26.4,23.73,BUY
16645.3,16632.3,16662.0,16632.0,22.949999999999687,2.27,-12.65,BUY
16632.5,16637.3,16650.5,16631.5,22.064285714285298,1.77,-11.35,BUY
16960.1,16962.7,16963.0,16958.9,5.72857142857148,-20.34,-3.38,SELL
16783.7,16789.6,16792.1,16780.9,15.692857142856676,25.75,-0.23,BUY
16789.4,16787.1,16798.0,16787.0,15.449999999999429,18.64,1.98,BUY
16634.1,16636.1,16639.8,16632.4,11.814285714286077,22.22,7.41,BUY
16592.4,16588.0,16596.4,16583.9,18.242857142857506,24.07,17.92,BUY
16427.3,16430.4,16445.8,16424.0,14.47857142857122,9.01,11.32,SELL
16221.0,16223.6,16225.0,16214.0,10.335714285714078,24.23,-1.22,BUY
16230.6,16229.7,16235.3,16228.8,8.128571428571247,9.31,-2.73,BUY
16369.5,16366.0,16371.5,16360.8,19.892857142857014,-29.31,-19.87,SELL
16345.1,16340.9,16351.8,16334.0,16.8214285714287,-1.08,-15.28,BUY
16503.0,16505.1,16512.2,16498.6,14.52142857142904,-32.43,-5.69,SELL
16520.2,16527.8,16533.6,16518.8,14.571428571429092,-12.22,-8.86,SELL
16538.5,16546.7,16547.2,16538.0,7.742857142856987,14.83,-9.95,BUY
16666.0,16636.4,16673.1,16627.4,31.828571428570804,45.16,17.19,BUY
16662.5,16670.9,16678.6,16656.0,28.40714285714239,41.76,36.8,BUY
16805.1,16802.0,16817.6,16800.9,19.31428571428582,-39.15,-9.46,SELL
16802.4,16812.5,16814.6,16800.4,19.428571428571168,-37.02,-18.03,SELL
16812.9,16805.6,16819.9,16798.5,18.807142857142285,-11.89,-27.06,BUY
16798.5,16788.2,16799.9,16781.2,24.378571428571377,12.15,-17.29,BUY
16788.5,16782.2,16794.0,16777.4,23.54999999999979,9.31,-11.5,BUY
16863.1,16857.9,16866.9,16835.7,31.535714285715585,-16.83,-0.01,SELL
16766.4,16771.7,16775.1,16763.1,20.100000000000364,36.59,0.31,BUY
16633.2,16640.5,16655.9,16631.0,29.285714285714544,44.38,21.83,BUY
16903.5,16908.2,16911.0,16901.2,20.878571428571636,17.64,-0.17,BUY
17353.2,17364.5,17365.9,17352.5,19.47857142857174,24.91,4.25,BUY
17524.7,17535.6,17539.9,17523.2,21.85714285714234,24.01,1.9,BUY
17448.8,17432.6,17453.8,17423.0,27.242857142856728,27.68,7.49,BUY
17495.7,17472.7,17500.2,17472.1,20.25000000000026,16.51,6.06,BUY
17482.9,17458.4,17483.1,17453.4,19.699999999999168,-4.82,1.29,SELL
17409.5,17430.9,17432.4,17407.5,17.27857142857179,8.08,4.09,BUY
17463.6,17466.2,17466.3,17457.6,7.085714285713558,-5.59,0.58,SELL
17581.9,17583.2,17585.0,17579.9,8.199999999999429,-13.14,-1.99,SELL
17583.0,17581.4,17584.7,17578.4,6.86428571428509,-10.41,-2.94,SELL
17276.2,17269.0,17279.2,17268.9,10.52142857142904,42.24,27.35,BUY
17157.6,17158.4,17162.2,17156.0,14.63571428571439,34.58,26.22,BUY
17242.8,17254.8,17258.3,17242.5,9.15714285714317,-1.7,21.39,SELL
17514.5,17511.3,17516.8,17510.3,9.057142857142805,-36.67,-20.99,SELL
17511.2,17518.9,17519.4,17510.9,8.021428571428519,-27.23,-23.36,SELL
17589.2,17598.7,17602.0,17570.7,23.63571428571439,-37.84,-29.41,SELL
17504.7,17497.7,17510.0,17497.0,21.41428571428592,8.49,-9.49,BUY
17498.3,17495.9,17508.2,17483.7,21.242857142857506,6.5,-8.92,BUY
17574.0,17577.2,17580.1,17573.2,8.214285714285454,-12.71,-0.6,SELL
17895.2,17893.9,17898.9,17889.8,14.40714285714317,28.06,0.26,BUY
17893.7,17887.3,17898.2,17886.5,13.97857142857174,21.6,4.07,BUY
17601.0,17602.2,17609.2,17591.8,21.264285714286025,20.89,-0.83,BUY
17604.0,17603.7,17609.7,17595.6,19.521428571429038,23.57,-0.51,BUY
17690.7,17704.0,17707.3,17686.6,22.235714285714494,13.27,-16.07,BUY
17702.8,17711.4,17717.3,17692.5,19.714285714285456,-2.59,-4.97,BUY
17707.3,17708.4,17711.1,17698.3,22.021428571428,-3.03,3.54,SELL
17756.1,17776.6,17778.6,17755.1,16.54999999999953,-13.84,2.26,SELL
17574.0,17577.6,17578.4,17571.0,15.150000000000157,37.41,3.86,BUY
17602.3,17608.1,17609.5,17596.9,9.964285714285975,2.05,0.71,BUY
17467.0,17478.9,17481.9,17465.0,22.242857142856987,-12.62,5.78,SELL
17831.9,17832.1,17833.8,17823.9,32.55714285714306,-145.6,-33.89,SELL
17832.3,17839.6,17840.9,17831.6,30.235714285714753,-149.1,-50.69,SELL
17838.0,17836.6,17838.9,17832.9,24.935714285714702,-152.98,-67.4,SELL
17858.3,17856.1,17858.9,17854.5,10.20714285714348,-93.85,-91.63,SELL
17935.3,17940.8,17943.6,17932.9,16.257142857142235,-17.06,-34.9,BUY
17987.6,17978.3,17989.4,17958.2,21.021428571428,-6.88,-1.26,SELL
17996.6,17970.5,17998.4,17965.1,28.578571428571585,-16.85,-10.45,SELL
17955.8,17957.6,17961.9,17949.0,23.70000000000021,20.47,-2.04,BUY
17992.9,18000.0,18004.8,17990.6,14.149999999999636,-26.54,-8.59,SELL
18047.1,18037.6,18051.1,18035.9,8.871428571428103,-9.3,-15.16,BUY
18013.5,18010.2,18019.5,18006.1,9.535714285714286,-1.79,13.0,SELL
18010.5,18037.2,18038.3,18008.3,10.914285714285663,2.67,14.01,SELL
18091.5,18086.4,18096.0,18086.4,10.257142857143013,-14.34,0.95,SELL
18261.8,18267.8,18273.1,18258.6,20.314285714285557,-35.5,1.23,SELL
18073.8,18052.3,18080.9,18049.4,41.79285714285756,49.68,42.59,BUY
18023.1,18055.3,18061.4,18022.4,34.38571428571517,3.15,20.4,SELL
18054.8,18046.8,18056.1,18045.5,33.60000000000063,11.57,16.95,SELL
18194.0,18187.5,18195.7,18173.2,23.82142857142935,-76.81,-12.08,SELL
18159.1,18126.2,18163.1,18125.6,24.31428571428582,-52.21,-40.08,SELL
18137.4,18142.5,18146.0,18134.3,25.307142857142285,23.67,-40.71,BUY
18184.6,18201.1,18206.3,18183.4,20.378571428572155,-27.5,-20.21,SELL
18072.1,18072.0,18080.3,18062.1,22.378571428571636,8.33,6.23,BUY
18063.5,18069.7,18071.5,18063.5,11.514285714286027,-21.07,-9.14,SELL
18070.0,18069.6,18071.1,18065.6,11.485714285714494,-20.3,-12.83,SELL
17853.8,17833.5,17861.3,17832.9,28.52142857142852,-0.62,-13.81,BUY
18040.1,18053.6,18058.3,18035.1,23.214285714286234,-9.35,-7.92,SELL
17875.1,17872.0,17882.1,17869.1,14.214285714285714,30.21,0.31,BUY
17976.3,18004.4,18005.8,17972.9,19.942857142857456,-25.49,1.43,SELL
18028.9,18026.6,18035.4,18025.1,15.514285714285247,-2.47,-13.25,BUY
18285.6,18293.7,18297.0,18284.0,22.828571428571063,-50.81,-36.03,SELL
18383.3,18381.5,18386.1,18377.1,8.285714285713766,-7.43,-3.89,SELL
18331.6,18324.2,18332.3,18322.9,12.63571428571361,-5.48,-8.09,BUY
18245.6,18240.4,18251.3,18229.7,15.27142857142748,0.08,29.1,SELL
18035.5,18040.5,18047.5,18026.2,28.29999999999953,47.48,21.38,BUY
18040.0,18019.5,18043.5,18015.5,27.149999999999636,43.09,21.12,BUY
17904.3,17893.5,17906.9,17888.9,37.02857142857153,119.0,7.87,BUY
17894.4,17894.7,17903.2,17890.2,34.01428571428577,112.71,20.57,BUY
17894.3,17872.8,17895.8,17863.4,33.72142857142847,104.1,32.29,BUY
17870.5,17879.3,17880.9,17869.5,25.128571428571117,77.75,65.05,BUY
17947.2,17949.1,17954.5,17945.6,12.150000000000935,-20.47,30.96,SELL
17957.0,17969.9,17970.0,17957.0,8.514285714285506,-10.49,13.62,SELL
18130.4,18148.7,18150.4,18129.2,28.321428571428832,-39.65,-14.41,SELL
18148.6,18159.2,18168.7,18147.6,26.97857142857174,-40.18,-21.64,SELL
18159.9,18173.4,18176.1,18159.7,19.328571428571585,-41.26,-32.97,SELL
18172.9,18203.9,18209.4,18170.4,20.75000000000026,-38.87,-35.02,SELL
18081.6,18098.3,18100.0,18079.0,30.07142857142805,33.27,-12.16,BUY
18121.5,18095.9,18132.8,18095.9,25.492857142856987,8.61,-6.8,BUY
18094.2,18087.2,18094.4,18084.5,24.52142857142852,5.05,-1.77,BUY
18053.8,18064.1,18072.5,18047.8,17.9785714285707,9.93,-18.6,BUY
18163.4,18159.8,18166.4,18157.6,7.871428571429143,-36.41,-21.13,SELL
18160.1,18159.3,18164.3,18158.6,8.007142857143274,-27.55,-21.88,SELL
17981.9,17997.1,17997.9,17975.6,17.264285714285766,9.57,7.27,BUY
17944.2,17938.6,17966.6,17937.5,32.87142857142862,-2.63,7.71,SELL
18004.1,18016.9,18021.4,17996.5,29.58571428571434,-0.96,6.45,SELL
18016.2,17997.7,18034.2,17994.9,29.264285714285766,0.1,5.26,SELL
17990.9,17980.3,17995.6,17980.1,10.992857142857506,5.03,-0.02,BUY
18257.8,18258.8,18263.5,18251.8,23.25,-44.04,-5.29,SELL
18259.6,18268.6,18278.3,18255.8,24.342857142857092,-46.56,-11.04,SELL
18314.8,18310.3,18321.8,18309.4,16.285714285713507,-43.19,-28.48,SELL
18310.5,18304.8,18316.0,18301.7,14.592857142856312,-39.81,-33.26,SELL
18246.3,18230.5,18247.5,18229.5,14.321428571428571,12.44,-27.36,BUY
18056.6,18045.9,18059.6,18043.2,30.178571428571427,12.61,-14.33,BUY
18008.8,18018.6,18022.5,18007.8,23.800000000000832,9.93,13.53,SELL
18050.0,18049.7,18052.0,18034.3,23.67857142857169,25.16,9.92,BUY
18049.8,18041.9,18054.9,18037.7,22.550000000000313,18.01,10.82,BUY
17926.9,17933.9,17937.2,17920.8,26.22857142857174,11.93,15.53,SELL
17723.6,17711.8,17734.5,17704.0,39.928571428571686,96.24,44.23,BUY
17711.2,17724.4,17745.8,17711.0,38.578571428571585,100.14,49.75,BUY
17713.0,17716.9,17718.9,17711.6,22.007142857142753,-0.28,-4.22,BUY
17715.5,17719.9,17722.5,17714.9,19.942857142856933,3.62,-3.18,BUY
17525.0,17536.6,17549.8,17519.3,27.835714285714598,49.55,47.15,BUY
17502.4,17500.0,17504.2,17500.0,13.671428571429194,11.35,-1.79,BUY
17557.4,17552.0,17560.7,17549.4,11.84285714285683,-6.31,-1.4,SELL
17544.7,17545.2,17548.9,17533.9,24.100000000001142,-41.94,-28.79,SELL
17409.0,17394.8,17410.2,17382.9,27.221428571428987,23.88,-1.73,BUY
17186.4,17190.3,17198.2,17175.7,30.635714285714908,39.32,14.08,BUY
17079.8,17080.3,17094.4,17077.4,27.842857142856833,37.06,21.69,BUY
17081.1,17077.9,17095.3,17074.9,27.257142857142235,39.07,21.5,BUY
17033.9,17038.0,17038.4,17030.5,24.442857142856674,9.97,34.39,SELL
17175.9,17201.3,17201.4,17174.8,18.871428571429142,-27.91,0.83,SELL
17200.0,17208.6,17213.5,17199.3,18.014285714286284,-24.98,-3.0,SELL
17268.3,17264.7,17270.2,17261.8,11.357142857143376,-20.57,-9.69,SELL
17253.0,17242.3,17255.5,17241.7,10.571428571428571,-9.9,-7.51,SELL
17441.3,17434.2,17446.0,17426.5,23.478571428572,-40.97,-9.13,SELL
17434.1,17438.7,17445.5,17423.6,24.09285714285787,-33.74,-13.83,SELL
17537.0,17550.1,17553.0,17537.0,20.935714285714702,2.67,22.8,SELL
17603.6,17599.8,17605.8,17598.0,43.035714285714285,-108.96,-40.29,SELL
17623.1,17618.5,17623.6,17615.2,12.221428571428207,5.31,-49.79,BUY
17618.1,17612.7,17619.2,17609.2,12.299999999999532,1.59,-43.44,BUY
17757.3,17746.2,17757.3,17737.3,20.214285714285715,0.2,-10.33,BUY
17580.8,17564.9,17587.9,17554.1,22.107142857143376,21.51,13.14,BUY
17565.1,17564.5,17570.4,17555.1,22.392857142857924,20.89,15.47,BUY
17324.2,17341.7,17342.5,17324.2,16.028571428571013,54.48,31.13,BUY
17458.2,17457.5,17467.2,17457.2,10.199999999999948,-12.12,-6.68,SELL
17423.0,17428.6,17430.7,17418.3,21.83571428571408,-5.84,-19.84,BUY
17871.7,17871.1,17883.6,17868.2,29.72142857142847,7.54,-16.07,BUY
18104.2,18101.6,18112.4,18098.2,13.535714285714546,2.19,-6.77,BUY
18137.7,18135.8,18143.9,18134.8,18.18571428571522,9.49,-1.77,BUY
18213.3,18211.6,18219.2,18210.7,12.042857142857299,5.35,-4.67,BUY
18692.4,18673.2,18697.7,18670.8,23.078571428571845,23.87,-2.03,BUY
18671.4,18653.2,18676.4,18648.7,23.628571428571895,16.68,-1.17,BUY
18891.9,18895.8,18897.9,18891.8,15.078571428571065,-74.51,-28.51,SELL
18589.1,18582.5,18599.2,18572.5,34.628571428571114,76.64,3.62,BUY
18582.1,18564.3,18587.1,18561.0,32.821428571428314,77.2,10.45,BUY
18614.6,18619.8,18624.8,18602.3,26.00000000000052,41.65,19.9,BUY
18690.2,18677.8,18691.3,18677.2,8.535714285714286,-9.73,29.68,SELL
18825.7,18825.2,18832.7,18820.7,17.942857142856674,-47.3,0.95,SELL
18689.1,18694.1,18695.7,18687.4,11.90714285714291,31.8,5.87,BUY
18464.5,18457.6,18467.4,18457.5,13.59285714285709,19.78,11.44,BUY
18281.4,18266.8,18281.4,18252.5,28.242857142857506,102.43,34.21,BUY
18266.5,18263.0,18287.7,18263.0,28.150000000000414,99.11,43.3,BUY
18245.3,18246.3,18253.1,18240.2,23.67857142857169,74.23,63.33,BUY
18624.3,18617.7,18624.5,18617.1,14.835714285714337,-52.45,22.85,SELL
18617.5,18610.8,18618.5,18610.5,15.035714285714286,-48.87,9.18,SELL
18610.7,18612.5,18614.8,18608.1,14.75,-45.68,-2.15,SELL
18612.2,18612.8,18619.0,18610.0,14.421428571428676,-43.28,-12.78,SELL
18612.6,18616.3,18619.5,18610.2,14.700000000000207,-42.76,-22.82,SELL
18529.1,18471.4,18539.0,18467.0,29.464285714285975,31.89,-8.57,BUY
18451.5,18451.2,18466.9,18444.0,32.54999999999979,28.75,16.04,BUY
18451.4,18448.9,18453.1,18418.1,33.54285714285704,30.71,24.2,BUY
18543.4,18541.4,18552.4,18538.4,20.95000000000047,-9.88,-2.62,SELL
18542.6,18549.6,18550.8,18527.5,20.79285714285756,-9.27,-6.62,SELL
18925.2,18929.7,18933.7,18918.9,13.992857142856987,-27.02,-22.64,SELL
19005.2,19018.5,19022.6,19004.5,17.72857142857122,-5.93,-16.85,BUY
18993.0,18987.4,18997.5,18987.3,26.028571428571272,6.47,-6.01,BUY
18987.3,18986.8,18991.9,18982.4,24.092857142857092,5.01,-3.74,BUY
19511.7,19481.8,19512.0,19478.8,26.392857142857142,-44.86,-20.75,SELL
19573.8,19562.1,19576.5,19555.2,19.335714285714598,-43.62,-21.36,SELL
19513.8,19499.2,19523.7,19491.8,19.700000000000728,-3.25,-8.59,BUY
19518.9,19519.6,19529.8,19516.0,17.47857142857148,4.35,1.65,BUY
19944.2,19953.7,19960.5,19937.5,22.97857142857122,-63.21,-15.52,SELL
19971.6,19967.3,19971.7,19958.3,17.214285714285456,-23.97,-22.24,SELL
19703.3,19693.6,19707.2,19687.8,19.971428571427946,10.7,-6.49,BUY
19641.7,19636.0,19647.3,19628.1,36.75714285714275,22.48,8.95,BUY
19636.1,19633.2,19639.6,19620.5,32.97857142857122,22.18,14.4,BUY
19642.3,19624.7,19643.1,19620.1,26.492857142856987,10.68,19.65,SELL
19625.5,19611.5,19630.6,19605.2,20.30000000000005,-5.94,9.76,SELL
19579.3,19589.3,19594.7,19577.6,20.742857142857247,2.47,4.21,SELL
19555.9,19557.2,19561.5,19554.6,11.164285714285663,-4.74,-0.13,SELL
19776.7,19811.9,19812.1,19773.2,30.52857142857179,32.07,30.37,BUY
19911.0,19897.9,19917.9,19896.1,23.050000000000313,-31.41,2.74,SELL
19974.8,19977.0,19980.0,19970.8,12.97857142857122,-22.75,-3.9,SELL
20093.8,20096.1,20101.7,20093.2,19.900000000000414,-27.02,-16.74,SELL
20340.5,20340.4,20347.1,20336.0,22.364285714285092,-28.45,-12.6,SELL
20365.1,20360.4,20371.0,20360.4,18.399999999999118,-27.63,-15.11,SELL
20360.6,20357.5,20363.2,20350.7,18.035714285713507,-26.9,-18.61,SELL
20426.2,20428.9,20455.9,20413.6,44.38571428571439,78.56,19.88,BUY
20430.0,20382.3,20433.4,20379.3,45.44285714285719,83.44,27.6,BUY
20292.4,20286.9,20308.0,20286.3,39.19285714285694,87.26,59.1,BUY
20285.9,20261.0,20288.9,20259.3,37.42857142857117,79.02,68.7,BUY
20224.0,20223.0,20228.7,20222.0,9.04285714285704,2.76,10.47,SELL
20438.7,20385.6,20441.4,20381.1,25.014285714286025,-49.93,-24.9,SELL
20384.7,20397.3,20405.3,20368.3,26.02142857142878,-41.27,-27.38,SELL
20421.0,20422.4,20424.2,20420.1,11.278571428571272,-16.87,-18.08,BUY
20532.2,20494.3,20539.6,20488.7,26.535714285714285,-48.12,-19.42,SELL
20368.0,20355.7,20375.2,20341.9,29.421428571428415,30.58,-0.95,BUY
20355.4,20348.4,20360.5,20346.3,28.057142857142804,29.81,5.22,BUY
20396.0,20394.0,20398.0,20392.8,15.971428571428467,-10.46,-5.86,SELL
19879.3,19865.2,19884.8,19864.5,30.007142857143013,23.76,14.9,BUY
19895.4,19891.8,19896.4,19889.3,12.607142857142858,-15.35,-1.11,SELL
19680.5,19723.9,19724.1,19678.1,37.38571428571439,33.48,71.91,SELL
19635.3,19587.6,19641.4,19569.9,35.73571428571501,29.72,-0.56,BUY
19696.8,19696.3,19706.1,19694.8,21.821428571428832,-8.04,-1.73,SELL
19616.0,19623.8,19635.3,19605.2,40.06428571428556,32.29,7.48,BUY
19568.8,19537.3,19576.0,19530.3,36.871428571428105,27.04,23.03,BUY
19549.5,19515.0,19551.5,19511.5,33.3571428571426,17.36,26.24,SELL
19515.1,19513.5,19521.4,19499.5,31.349999999999845,17.27,24.85,SELL
19674.2,19677.8,19679.0,19673.0,19.721428571428987,13.32,15.56,SELL
19682.5,19669.5,19696.4,19668.6,43.6428571428574,41.27,12.6,BUY
19669.8,19702.0,19710.7,19658.1,44.81428571428608,43.82,20.22,BUY
19701.8,19703.0,19716.5,19691.7,43.85714285714312,46.0,27.26,BUY
19787.2,19791.5,19805.1,19778.8,29.42857142857169,-1.24,-17.04,BUY
18968.1,18971.5,18975.9,18961.9,23.63571428571439,-10.34,17.02,SELL
19031.5,19052.9,19060.0,19015.4,35.16428571428566,1.61,10.54,SELL
19182.4,19134.5,19185.8,19127.7,43.77142857142852,-63.44,-52.65,SELL
18992.2,19037.7,19050.1,18983.0,41.507142857143016,54.6,33.26,BUY
19037.9,19054.2,19082.4,19035.4,43.257142857143016,50.8,39.66,BUY
18805.6,18821.3,18824.8,18805.1,35.171428571428415,79.9,58.35,BUY
18821.2,18818.3,18823.8,18816.4,33.09285714285683,84.77,61.49,BUY
19037.3,19021.4,19040.4,19020.3,28.04999999999979,27.68,57.63,SELL
19036.0,19062.5,19063.1,19028.4,36.91428571428514,-19.23,-7.41,SELL
18988.4,19036.4,19036.6,18986.5,39.14285714285662,25.54,-16.7,BUY
19138.2,19141.9,19144.1,19137.3,13.928571428571429,-32.15,-9.34,SELL
19138.9,19137.8,19141.6,19137.7,13.65714285714239,-40.26,-13.29,SELL
19169.0,19184.1,19187.0,19157.4,35.899999999999636,36.83,11.51,BUY
19125.9,19125.7,19140.5,19120.1,29.014285714285247,-24.51,-19.0,SELL
19097.1,19092.3,19099.6,19081.4,25.40714285714239,28.64,-25.06,BUY
19091.4,19101.9,19103.1,19086.1,24.692857142856674,24.13,-17.82,BUY
18767.3,18792.0,18795.8,18765.8,32.62142857142862,81.4,-2.87,BUY
18681.6,18717.3,18717.3,18675.0,36.47857142857122,47.25,18.03,BUY
18764.8,18792.0,18799.3,18754.6,35.42857142857117,38.6,25.92,BUY
18792.2,18798.8,18800.1,18771.3,35.59285714285683,34.17,32.44,BUY
18784.4,18770.2,18797.2,18765.9,28.457142857142962,-33.38,-18.79,SELL
19074.3,19082.3,19083.1,19068.6,40.55000000000031,-124.18,-44.8,SELL
19073.2,19084.4,19086.2,19058.0,44.72142857142847,128.48,77.94,BUY
18793.8,18783.8,18795.2,18762.6,43.45714285714244,74.88,70.87,BUY
18892.6,18814.4,18909.0,18785.0,56.200000000000465,-7.38,29.95,SELL
18576.0,18591.0,18591.0,18566.3,27.13571428571439,104.58,69.97,BUY
18589.7,18580.0,18598.2,18571.2,27.392857142857142,90.55,81.9,BUY
18586.2,18586.2,18591.9,18577.5,21.728571428572,1.79,65.54,SELL
18301.9,18309.8,18328.7,18281.8,74.27142857142852,72.47,27.36,BUY
18464.4,18465.9,18499.4,18452.8,60.450000000000465,-48.27,-12.39,SELL
18465.4,18467.3,18482.4,18433.3,58.51428571428629,-51.72,-22.17,SELL
18425.0,18385.4,18426.5,18379.0,54.57142857142883,-57.62,-48.6,SELL
18384.5,18384.9,18406.0,18358.7,52.871428571428886,-41.54,-51.68,BUY
18335.9,18368.9,18375.0,18335.5,40.785714285714285,40.07,8.9,BUY
18350.9,18342.9,18356.0,18329.8,35.800000000000054,37.47,28.48,BUY
17391.9,17422.1,17449.0,17377.9,82.0142857142855,99.11,147.16,SELL
17417.1,17493.7,17510.5,17410.5,84.84999999999958,104.99,121.52,SELL
17544.0,17521.6,17567.4,17513.0,86.42142857142815,99.99,75.36,BUY
17989.1,17999.9,18039.9,17982.5,107.18571428571366,-100.32,-144.51,BUY
18090.1,18115.7,18119.7,18052.2,68.05000000000057,-85.79,-76.76,SELL
17815.5,17792.4,17823.0,17779.4,53.94285714285694,38.0,29.75,BUY
17993.8,17982.7,17997.8,17970.3,37.014285714286025,-60.55,-57.47,SELL
18033.2,18034.3,18043.4,18020.1,37.15000000000042,-14.3,-25.41,BUY
17883.2,17951.9,17968.2,17854.4,58.10714285714338,43.67,5.89,BUY
18218.8,18230.6,18235.3,18209.5,50.014285714285506,-61.76,-18.86,SELL
18252.5,18311.0,18320.0,18252.3,38.45000000000021,-32.4,-30.41,SELL
18300.4,18295.9,18317.7,18295.2,71.77857142857127,87.94,41.63,BUY
18317.9,18293.3,18320.3,18286.2,20.47857142857122,-80.53,-94.31,BUY
18237.8,18285.5,18288.6,18229.0,48.53571428571403,41.88,4.04,BUY
18064.9,18107.6,18110.7,18064.1,45.378571428571895,60.5,54.36,BUY
18081.5,18025.0,18094.5,18018.7,49.32857142857184,65.42,60.2,BUY
17937.7,17921.6,17957.0,17891.7,46.61428571428587,86.34,81.67,BUY
17922.0,17917.0,17929.2,17900.0,45.235714285714494,86.81,84.36,BUY
17797.7,17800.5,17815.2,17790.0,41.778571428571276,22.28,26.34,SELL
17892.9,17880.9,17893.3,17880.9,19.3928571428574,-17.89,18.5,SELL
18274.1,18284.8,18305.3,18264.3,66.50714285714328,-47.45,-32.07,SELL
18285.5,18263.6,18303.4,18263.5,64.67142857142919,-42.64,-33.63,SELL
18225.4,18291.5,18292.9,18225.4,48.400000000000155,-92.51,-62.88,SELL
18255.0,18293.4,18295.8,18255.0,42.299999999999535,-66.41,-75.61,BUY
18346.0,18342.4,18354.9,18336.6,34.65714285714291,-13.71,-19.83,BUY
18432.5,18425.6,18445.4,18419.7,31.66428571428566,-25.18,-15.64,SELL
18385.8,18389.1,18394.6,18376.3,27.007142857142753,-47.69,-28.78,SELL
18353.2,18391.8,18407.0,18352.8,29.20000000000021,39.18,-15.29,BUY
18440.1,18410.8,18440.1,18395.9,41.65714285714239,-18.26,-1.39,SELL
18409.7,18414.7,18428.6,18395.4,39.97142857142795,-16.22,-2.01,SELL
18394.9,18413.1,18418.0,18394.0,30.942857142856415,9.25,-11.24,BUY
18518.2,18488.6,18526.1,18476.2,29.392857142857142,1.03,-1.3,BUY
18549.3,18537.3,18552.0,18528.1,21.835714285714598,15.5,7.02,BUY
18616.4,18639.4,18641.0,18614.2,14.79285714285704,1.27,8.26,SELL
18814.8,18792.6,18817.8,18788.0,30.835714285713816,-43.65,4.45,SELL
18885.3,18894.6,18895.6,18877.6,20.457142857142962,-33.35,-28.24,SELL
18932.8,18946.8,18956.6,18924.6,33.56428571428608,-39.48,-21.75,SELL
18971.5,18972.8,18983.0,18965.5,21.942857142857196,7.43,-12.82,BUY
18972.5,18989.8,18994.0,18971.5,20.807142857142804,3.65,-5.95,BUY
19035.1,19031.3,19040.1,19028.7,12.914285714285922,-11.53,-9.0,SELL
19569.0,19564.9,19571.7,19562.9,20.68571428571418,-20.04,-22.19,BUY
19774.6,19783.5,19791.6,19767.6,20.471428571428728,17.08,9.85,BUY
19651.8,19668.2,19669.5,19645.5,39.92142857142893,64.13,10.01,BUY
19666.0,19658.9,19673.0,19650.5,39.100000000000364,64.98,14.49,BUY
19545.6,19525.3,19556.5,19519.9,27.464285714285715,42.24,35.0,BUY
19690.7,19693.2,19702.8,19682.5,58.98571428571423,0.04,-26.16,BUY
19695.5,19709.2,19710.7,19682.8,57.80714285714306,6.62,-25.35,BUY
19768.0,19763.3,19768.5,19762.5,12.049999999999532,-12.29,-11.27,SELL
19522.8,19525.5,19527.8,19491.4,28.75,54.98,-4.14,BUY
19525.4,19494.2,19527.8,19487.5,28.29999999999979,41.71,4.33,BUY
19541.7,19547.2,19551.5,19541.0,23.40714285714265,1.09,12.32,SELL
19518.0,19537.7,19543.7,19514.7,27.92857142857169,-32.65,-23.76,SELL
19355.9,19367.6,19371.1,19353.6,27.035714285714285,24.95,3.73,BUY
19366.9,19357.3,19367.6,19354.9,25.54999999999979,14.31,11.68,BUY
19385.9,19391.7,19396.4,19385.4,19.22142857142821,-67.6,-25.04,SELL
19375.9,19383.2,19395.2,19371.8,19.214285714285456,-48.09,-32.9,SELL
19412.4,19429.4,19431.2,19412.0,20.77142857142826,-25.51,-46.08,BUY
19568.4,19587.8,19593.8,19555.0,38.50000000000026,-32.83,-21.3,SELL
19412.5,19436.5,19447.2,19410.2,31.378571428571636,21.77,-0.02,BUY
19476.7,19474.1,19476.7,19464.2,19.27142857142878,-9.28,-2.4,SELL
19473.8,19468.1,19480.1,19466.5,19.08571428571434,-8.92,0.99,SELL
19148.9,19159.7,19179.4,19148.9,36.242857142856984,83.42,27.39,BUY
18835.0,18847.0,18851.2,18833.5,19.085714285713816,30.36,22.59,BUY
18846.9,18832.9,18847.9,18828.4,19.04999999999953,31.12,24.25,BUY
18816.0,18818.2,18820.8,18806.8,14.699999999999688,54.02,35.14,BUY
18958.9,18982.9,18987.0,18956.9,36.51428571428577,-41.74,-23.0,SELL
18941.9,18964.0,18964.7,18933.5,35.38571428571439,-25.83,-37.74,BUY
18914.9,18913.1,18926.7,18902.1,28.50000000000052,23.91,5.9,BUY
19064.4,19071.0,19073.7,19051.2,57.16428571428644,-76.04,-24.84,SELL
18841.0,18836.2,18861.8,18825.2,44.17142857142868,60.37,-17.26,BUY
18957.6,18951.3,18959.5,18942.8,28.128571428572155,-21.32,14.53,SELL
18706.4,18697.2,18711.2,18687.7,26.25,67.01,19.48,BUY
18727.4,18722.5,18729.8,18718.9,14.5,97.96,52.83,BUY
18722.3,18729.5,18732.3,18719.8,14.25,87.31,62.4,BUY
18494.2,18475.9,18496.7,18462.3,50.58571428571434,133.29,68.53,BUY
18475.2,18454.7,18482.0,18450.9,49.22857142857122,126.97,72.93,BUY
18446.0,18429.4,18461.0,18427.5,46.59999999999958,106.71,96.64,BUY
18468.8,18476.8,18485.6,18460.3,24.3928571428574,11.8,27.25,SELL
18476.1,18468.3,18486.1,18460.6,23.52142857142878,12.33,22.66,SELL
18674.2,18675.7,18682.0,18670.1,20.514285714285766,-59.06,-4.56,SELL
18671.9,18679.0,18685.4,18671.9,17.671428571428415,-53.48,-15.23,SELL
18678.4,18645.5,18678.5,18638.9,19.371428571428364,-49.49,-26.56,SELL
18657.1,18648.1,18667.6,18646.1,26.84285714285761,-6.18,-26.85,BUY
18720.1,18709.7,18720.1,18705.8,15.764285714285766,-21.31,-6.01,SELL
18802.0,18810.9,18813.3,18800.7,17.02142857142826,-37.86,-18.8,SELL
18810.8,18806.4,18812.9,18798.4,16.95714285714244,-34.03,-24.03,SELL
18668.6,18736.5,18741.3,18665.8,44.171428571429196,86.69,79.08,BUY
18944.2,18937.2,18950.8,18932.6,38.13571428571465,-95.69,-89.41,SELL
19358.6,19366.4,19371.1,19354.0,23.17857142857091,-11.19,2.92,SELL
19366.5,19375.6,19378.9,19364.6,22.128571428571117,-16.06,2.16,SELL
19434.9,19393.2,19437.5,19334.9,26.949999999999427,-43.3,-11.26,SELL
19393.1,19429.9,19434.0,19387.6,28.807142857142285,-37.64,-17.28,SELL
19384.1,19388.9,19392.8,19384.1,20.29285714285652,12.15,-16.71,BUY
19389.0,19381.3,19392.6,19381.3,18.335714285713557,12.61,-15.42,BUY
19492.2,19500.2,19511.1,19492.2,27.042857142857038,-17.26,-12.19,SELL
19480.7,19480.7,19488.5,19474.7,22.72857142857122,-10.79,-6.38,SELL
19364.4,19358.9,19370.1,19350.9,23.314285714285298,4.57,5.78,SELL
19389.0,19386.2,19410.0,19382.3,39.42142857142868,41.45,16.15,BUY
19414.2,19427.7,19431.2,19412.7,24.207142857142962,32.45,8.78,BUY
19394.0,19418.0,19420.6,19391.1,65.37142857142915,67.73,30.74,BUY
19388.3,19387.9,19393.5,19380.9,26.764285714285766,39.42,53.19,SELL
19923.6,19909.7,19923.6,19899.7,24.328571428570804,-17.44,-38.37,BUY
19908.1,19911.6,19915.1,19899.0,21.671428571427896,-16.81,-21.75,BUY
19795.0,19802.5,19803.2,19789.3,11.178571428570908,7.24,-1.56,BUY
19842.7,19820.3,19846.1,19812.8,22.357142857142858,-2.34,-10.95,BUY
19820.1,19824.4,19835.9,19818.8,22.63571428571439,-1.91,-7.97,BUY
19973.5,19962.0,19978.5,19958.3,22.921428571428937,-60.31,-23.97,SELL
19962.3,19940.9,19964.3,19938.9,23.185714285714443,-55.19,-30.11,SELL
20030.2,20007.9,20032.1,20003.4,46.96428571428545,80.13,1.49,BUY
20008.0,20029.6,20034.4,20007.4,45.821428571428314,79.59,10.04,BUY
20032.0,20022.0,20040.6,20021.6,29.671428571427896,17.99,16.69,BUY
20119.8,20128.3,20131.2,20112.2,17.707142857142962,-35.15,-11.33,SELL
19996.0,20007.5,20022.0,19992.8,26.449999999999687,30.09,-7.22,BUY
20042.5,20041.8,20044.8,20040.5,21.621428571428883,-44.04,-15.24,SELL
20041.9,20036.8,20042.5,20036.0,20.88571428571465,-45.15,-21.07,SELL
19731.8,19748.1,19766.3,19726.3,38.1000000000001,71.33,14.03,BUY
19753.0,19760.4,19767.5,19751.0,36.492857142856984,26.87,49.86,SELL
19823.3,19835.0,19843.8,19818.8,30.764285714286025,6.25,7.29,SELL
19834.2,19836.5,19844.0,19829.5,29.442857142857456,2.2,7.69,SELL
19754.3,19754.2,19764.2,19751.4,20.814285714285298,-7.97,-20.81,BUY
19754.1,19751.1,19765.7,19744.7,19.714285714285456,-10.15,-20.12,BUY
19910.0,19895.4,19914.5,19892.5,33.8999999999999,-3.73,6.17,SELL
19923.6,19913.1,19924.3,19897.6,25.650000000000155,-7.11,-13.5,BUY
19902.7,19900.9,19911.9,19900.4,12.63571428571361,-10.03,9.31,SELL
20062.6,20030.2,20062.6,20024.1,20.321428571428832,-27.69,-12.88,SELL
20236.2,20231.1,20236.8,20230.8,16.142857142856883,-7.17,-3.95,SELL
20214.5,20232.8,20233.8,20201.5,34.29999999999979,50.64,10.99,BUY
20207.4,20229.4,20233.4,20205.5,32.27857142857153,25.11,17.94,BUY
20229.2,20226.5,20238.2,20225.2,31.650000000000155,18.87,17.07,BUY
20207.8,20193.4,20209.5,20191.9,28.035714285714285,11.78,23.73,SELL
20343.3,20346.9,20352.3,20340.7,9.835714285714078,-20.71,-3.55,SELL
20299.5,20292.5,20303.8,20291.0,31.649999999999636,10.28,2.79,BUY
20296.9,20334.5,20337.0,20295.5,27.22857142857122,-0.48,3.36,SELL
20322.3,20322.0,20326.0,20310.9,21.814285714285557,-29.09,-2.08,SELL
20208.4,20226.4,20234.1,20208.3,23.307142857143326,10.28,-11.98,BUY
20303.9,20301.1,20308.2,20301.1,8.899999999999896,-18.43,-14.64,SELL
20350.6,20339.7,20365.9,20339.1,21.857142857143117,-6.09,-16.36,BUY
20017.4,20021.6,20033.2,20012.6,26.00000000000052,42.16,27.57,BUY
20266.0,20265.7,20267.6,20260.0,9.235714285713973,-15.17,22.05,SELL
20121.4,20159.4,20160.1,20115.0,28.13571428571465,2.44,-5.29,BUY
20223.9,20214.4,20226.4,20203.7,19.00000000000026,-10.94,-6.47,SELL
20372.8,20374.5,20386.8,20365.3,24.29999999999979,2.42,-5.5,BUY
20539.3,20537.3,20542.1,20526.3,26.435714285714443,-8.42,-10.75,BUY
20426.2,20434.7,20436.6,20409.2,18.871428571428105,1.82,-3.31,BUY
20216.0,20228.0,20230.2,20212.5,13.221428571428728,101.72,22.0,BUY
19937.8,19931.5,19947.8,19929.0,33.38571428571413,61.53,50.22,BUY
19935.0,19909.0,19938.8,19904.6,33.84285714285683,50.44,44.58,BUY
19908.3,19901.2,19914.8,19894.1,33.28571428571403,46.67,38.46,BUY
19956.1,19956.0,19958.3,19929.5,28.064285714285557,24.05,31.05,SELL
19980.6,19979.6,19982.9,19977.3,15.378571428570597,-9.72,21.23,SELL
19979.7,19986.3,19986.8,19979.7,14.799999999999272,-14.23,14.04,SELL
20136.7,20121.6,20144.6,20116.2,35.36428571428509,-38.12,-26.24,SELL
20125.6,20076.1,20125.9,20072.4,25.085714285713298,-3.02,-21.77,BUY
20075.9,20090.5,20101.5,20069.7,25.97857142857018,-0.69,-18.77,BUY
20037.1,20041.8,20047.4,20029.4,19.578571428571585,6.45,10.34,SELL
20010.6,19998.6,20011.6,19998.2,16.93571428571418,-1.83,-6.94,BUY
20213.3,20210.0,20214.4,20203.5,26.357142857143636,-19.71,-8.9,SELL
20665.1,20691.3,20691.4,20662.8,35.87857142857164,-19.97,-16.23,SELL
20674.3,20688.3,20693.3,20673.8,31.507142857142753,-10.12,-15.6,BUY
20734.6,20735.8,20736.9,20724.5,18.235714285715012,-19.82,-16.5,SELL
20826.0,20827.2,20830.1,20822.2,10.457142857142442,-18.21,-16.3,SELL
21109.2,21094.9,21109.5,21085.7,21.92857142857091,-7.45,-16.28,BUY
21094.4,21092.5,21099.9,21085.4,21.10714285714234,-10.85,-15.28,BUY
21074.5,21076.8,21080.0,21062.8,13.442857142857195,-29.29,-9.59,SELL
21059.3,21058.3,21059.3,21052.9,9.957142857142701,2.82,-10.37,BUY
20898.6,20903.7,20912.8,20888.1,35.58571428571434,21.27,4.07,BUY
20900.7,20886.8,20905.2,20876.8,35.06428571428608,22.61,7.6,BUY
20724.1,20726.5,20727.1,20720.7,25.278571428571013,27.35,17.22,BUY
20745.2,20751.5,20754.5,20741.1,10.028571428571013,77.92,33.02,BUY
20469.9,20446.6,20469.9,20442.6,28.035714285714285,63.83,34.8,BUY
20397.7,20394.3,20399.4,20393.6,16.007142857142753,-13.97,29.17,SELL
20394.4,20400.6,20401.8,20394.3,15.578571428571324,-11.86,20.76,SELL
20479.1,20478.3,20486.0,20474.0,11.07142857142883,-5.32,0.03,SELL
20566.0,20550.0,20568.2,20548.7,20.821428571428573,-35.64,-26.14,SELL
20511.6,20549.9,20550.1,20509.6,31.514285714285506,8.78,-24.81,BUY
20479.2,20482.8,20486.7,20475.1,22.557142857142285,20.44,-3.57,BUY
20482.7,20476.4,20488.1,20473.3,22.442857142856415,18.96,-2.44,BUY
20671.5,20671.5,20687.3,20670.3,22.621428571428105,-30.59,-2.2,SELL
20686.9,20640.6,20687.3,20630.8,47.74285714285725,24.03,9.7,BUY
20624.1,20623.9,20637.3,20615.0,43.185714285714184,-32.21,10.7,SELL
20693.0,20690.1,20701.6,20686.6,18.142857142856364,-5.01,-27.38,BUY
20847.0,20825.6,20853.2,20819.0,32.69999999999969,27.18,-4.72,BUY
20741.7,20762.5,20770.5,20738.5,27.22857142857122,11.07,13.18,SELL
20652.5,20674.0,20676.8,20642.5,31.921428571428415,67.55,8.21,BUY
20673.0,20681.8,20685.4,20671.8,30.371428571428623,63.71,14.89,BUY
21128.8,21162.7,21167.3,21126.9,23.321428571427532,-22.78,-19.57,SELL
21438.6,21433.7,21442.8,21432.8,12.957142857142701,6.13,-13.86,BUY
21453.6,21459.0,21464.0,21445.6,18.350000000000104,18.15,-8.3,BUY
21458.9,21454.4,21460.1,21446.6,17.66428571428566,11.52,-5.67,BUY
21442.4,21445.5,21452.7,21442.4,16.04285714285652,-3.83,-6.42,BUY
21654.0,21690.4,21690.4,21653.0,30.400000000000677,-73.93,16.73,SELL
21690.9,21685.7,21690.9,21677.4,30.11428571428639,-73.5,6.55,SELL
21671.2,21684.9,21691.9,21667.6,26.521428571429038,-61.18,-1.53,SELL
21721.7,21718.1,21725.6,21705.0,20.27142857142826,-20.01,-8.98,SELL
21670.6,21677.8,21678.8,21666.0,23.61428571428561,9.59,-9.28,BUY
21842.6,21839.6,21843.5,21834.2,9.057142857143324,-1.28,1.57,SELL
22024.5,22045.3,22053.0,22018.1,27.600000000000104,7.6,-4.22,BUY
22062.2,22048.5,22065.6,22046.2,26.16428571428566,-16.17,-7.72,SELL
21984.8,21988.8,21989.9,21978.8,16.242857142857247,1.76,-13.86,BUY
21053.7,21047.3,21062.3,21001.3,115.84999999999958,221.32,39.46,BUY
21047.4,21122.2,21131.7,21031.3,114.19285714285694,227.6,68.47,BUY
21143.8,21151.2,21158.0,21134.8,87.17142857142842,210.18,200.02,BUY
21275.0,21269.6,21283.3,21267.4,25.442857142856933,-56.67,21.01,SELL
21168.3,21175.9,21185.8,21160.3,32.02857142857153,-4.34,13.68,SELL
21096.2,21061.8,21096.2,21058.2,45.82857142857107,30.5,9.66,BUY
20845.9,20838.4,20849.4,20828.4,36.17142857142893,80.77,39.66,BUY
20831.3,20842.7,20845.6,20825.3,36.23571428571476,99.54,59.61,BUY
20840.9,20821.4,20849.2,20820.3,37.6857142857147,107.25,68.39,BUY
21023.1,20980.9,21024.3,20964.7,43.778571428571276,-68.46,57.5,SELL
21174.2,21219.8,21253.7,21172.1,68.35714285714286,-51.22,44.21,SELL
21219.3,21240.4,21254.7,21197.6,69.94285714285719,-55.44,29.41,SELL
21468.2,21457.8,21476.6,21444.7,46.8500000000001,-151.4,-115.15,SELL
21459.1,21484.3,21484.7,21455.9,45.900000000000155,-146.43,-123.81,SELL
21312.4,21274.9,21322.5,21273.5,57.892857142857146,3.15,-14.89,BUY
21350.2,21403.0,21408.8,21344.7,35.45714285714296,-1.11,1.48,SELL
21420.7,21421.5,21453.2,21416.4,33.014285714285506,-32.17,-3.4,SELL
21436.5,21448.3,21458.9,21434.9,25.27857142857179,-35.57,-24.58,SELL
21704.6,21714.0,21721.7,21699.5,18.707142857142962,-28.06,-27.02,SELL
21709.6,21718.4,21723.4,21709.6,14.228571428571481,0.78,-15.49,BUY
21718.3,21714.9,21718.6,21710.6,13.092857142857351,-5.78,-11.63,BUY
21409.3,21403.4,21416.2,21385.8,40.17857142857195,76.22,-2.69,BUY
21402.6,21394.8,21414.4,21390.9,40.00714285714327,59.11,3.8,BUY
21394.6,21346.8,21400.8,21346.4,39.97142857142899,43.17,9.23,BUY
21347.2,21346.6,21366.6,21343.9,39.09285714285735,28.21,14.91,BUY
21136.9,21102.9,21150.4,21079.9,38.43571428571444,53.01,11.01,BUY
21103.2,21100.2,21106.4,21066.7,37.31428571428608,50.77,20.34,BUY
21099.4,21094.2,21134.4,21087.9,38.60714285714338,48.03,28.99,BUY
21072.6,21132.3,21138.4,21050.3,57.40714285714317,45.89,33.0,BUY
21132.9,21140.7,21149.9,21111.7,54.68571428571444,45.41,36.23,BUY
21295.8,21295.9,21299.3,21276.2,28.678571428571168,-59.29,-10.56,SELL
21296.4,21307.7,21311.3,21280.7,28.928571428571168,-59.42,-22.5,SELL
21307.8,21328.7,21333.8,21301.3,29.371428571428105,-58.95,-34.15,SELL
21257.0,21258.0,21259.8,21250.5,18.471428571427687,8.02,-28.69,BUY
21111.7,21090.7,21118.3,21077.8,30.19999999999995,40.69,15.54,BUY
21042.8,21031.2,21042.8,21023.0,32.15714285714317,18.98,22.46,SELL
