Contract ID,Timestamp,Balance,Current candle open,Current candle close,Current candle high,Current candle low,Current candle netchange,Previous candle open,Previous candle close,Previous candle high,Previous candle low,Previous candle netchange,Oldest candle open,Oldest candle close,Oldest candle high,Oldest candle low,Oldest candle netchange,avg_change,percentageChange,spread,std dev,MACD line,Signal_line,Histogram,Status,Buy/Sell
00384627-0055-311e-0000-0000822cfda6,2024-11-27T19:15:26.633,409.3,20712.4,20714.2,20948.0,20605.9,-139.6,20695.0,20696.8,20948.0,20605.9,-139.6,20686.8,20688.6,20948.0,20605.9,-149.6,-146.56,-1.0,1.7999999999992724,1.5339065479776178e-12,-17.70,N/A,N/A,Stop-loss,1
00384627-0055-311e-0000-0000822cfda6,2024-11-27T19:15:28.189,409.3,20710.6,20712.4,20948.0,20605.9,-139.6,20712.4,20714.2,20948.0,20605.9,-139.6,20695.0,20696.8,20948.0,20605.9,-139.6,-146.56,-1.01,1.7999999999992724,1.5339065479776178e-12,-19.20,N/A,N/A,Stop-loss,0
00384627-0055-311e-0000-0000822cfda6,2024-11-27T19:16:28.618,409.3,20708.0,20709.8,20948.0,20605.9,-120.8,20710.6,20712.4,20948.0,20605.9,-139.6,20712.4,20714.2,20948.0,20605.9,-139.6,-146.56,-1.02,1.7999999999992724,1.5339065479776178e-12,-20.40,N/A,N/A,Stop-loss,0
00384627-0055-311e-0000-0000822cfda6,2024-11-27T19:17:29.600,409.3,20701.0,20702.8,20948.0,20605.9,-120.8,20708.0,20709.8,20948.0,20605.9,-120.8,20710.6,20712.4,20948.0,20605.9,-139.6,-146.56,-1.06,1.7999999999992724,1.5339065479776178e-12,-20.70,-15.80,-4.90,Stop-loss,0
00384627-0055-311e-0000-0000822cfda6,2024-11-27T19:18:30.431,409.3,20706.0,20707.8,20948.0,20605.9,-120.8,20701.0,20702.8,20948.0,20605.9,-120.8,20708.0,20709.8,20948.0,20605.9,-120.8,-146.56,-1.03,1.7999999999992724,1.5339065479776178e-12,-20.60,-16.90,-3.70,Stop-loss,0
00384627-0055-311e-0000-0000822cfda6,2024-11-27T19:19:31.171,409.3,20715.4,20717.2,20948.0,20605.9,-120.8,20706.0,20707.8,20948.0,20605.9,-120.8,20701.0,20702.8,20948.0,20605.9,-120.8,-146.56,-0.99,1.7999999999992724,1.5339065479776178e-12,-21.20,-17.90,-3.30,Stop-loss,0
00384627-0055-311e-0000-0000822cfda6,2024-11-27T19:20:31.882,409.3,20714.8,20716.6,20948.0,20605.9,-120.8,20715.4,20717.2,20948.0,20605.9,-120.8,20706.0,20707.8,20948.0,20605.9,-120.8,-146.56,-0.99,1.7999999999992724,1.5339065479776178e-12,-22.20,-18.90,-3.30,Stop-loss,0
00384627-0055-311e-0000-0000822cfda6,2024-11-27T19:21:34.578,409.3,20711.4,20713.2,20948.0,20605.9,-112.9,20714.8,20716.6,20948.0,20605.9,-120.8,20715.4,20717.2,20948.0,20605.9,-120.8,-146.56,-1.01,1.7999999999992724,1.5339065479776178e-12,-22.60,-19.90,-2.70,Stop-loss,0
00384627-0055-311e-0000-0000822cfda6,2024-11-27T19:22:35.473,409.3,20704.0,20705.8,20948.0,20605.9,-112.9,20711.4,20713.2,20948.0,20605.9,-112.9,20714.8,20716.6,20948.0,20605.9,-120.8,-146.56,-1.04,1.7999999999992724,1.5339065479776178e-12,-23.20,-20.90,-2.30,Stop-loss,0
00384627-0055-311e-0000-0000822cfda6,2024-11-27T19:23:35.817,409.3,20702.3,20704.1,20948.0,20605.9,-112.9,20704.0,20705.8,20948.0,20605.9,-112.9,20711.4,20713.2,20948.0,20605.9,-112.9,-146.56,-1.05,1.7999999999992724,1.5339065479776178e-12,-23.00,-21.50,-1.50,Stop-loss,0
00384627-0055-311e-0000-0000822cfda6,2024-11-27T19:24:36.926,409.3,20703.6,20705.4,20948.0,20605.9,-112.9,20702.3,20704.1,20948.0,20605.9,-112.9,20704.0,20705.8,20948.0,20605.9,-112.9,-146.56,-1.04,1.7999999999992724,1.5339065479776178e-12,-23.10,-21.90,-1.20,Stop-loss,0
00384627-0055-311e-0000-0000822cfda6,2024-11-27T19:25:37.715,409.3,20710.0,20711.8,20948.0,20605.9,-112.9,20703.6,20705.4,20948.0,20605.9,-112.9,20702.3,20704.1,20948.0,20605.9,-112.9,-146.56,-1.01,1.7999999999992724,1.5339065479776178e-12,-23.40,-22.20,-1.20,Stop-loss,0
00384627-0055-311e-0000-0000822cfda6,2024-11-27T19:26:37.924,409.3,20706.5,20708.3,20948.0,20605.9,-106.4,20710.0,20711.8,20948.0,20605.9,-112.9,20703.6,20705.4,20948.0,20605.9,-112.9,-146.56,-1.03,1.7999999999992724,1.5339065479776178e-12,-22.10,-22.40,0.30,Stop-loss,0
00384627-0055-311e-0000-0000822cfda6,2024-11-27T19:27:39.178,409.3,20696.3,20698.1,20948.0,20605.9,-106.4,20706.5,20708.3,20948.0,20605.9,-106.4,20710.0,20711.8,20948.0,20605.9,-112.9,-146.56,-1.08,1.7999999999992724,1.5339065479776178e-12,-20.50,-22.40,1.90,Stop-loss,0
00384627-0055-311e-0000-0000822cfda6,2024-11-27T19:28:39.487,409.3,20696.0,20697.8,20948.0,20605.9,-106.4,20696.3,20698.1,20948.0,20605.9,-106.4,20706.5,20708.3,20948.0,20605.9,-106.4,-146.56,-1.08,1.7999999999992724,1.5339065479776178e-12,-17.10,-21.90,4.80,Stop-loss,0
00384627-0055-311e-0000-0000822cff73,2024-11-27T19:32:42.346,408.04,20712.5,20714.3,20948.0,20605.9,-112.5,20699.9,20701.7,20948.0,20605.9,-106.4,20696.0,20697.8,20948.0,20605.9,-106.4,-107.62,-1.0,1.7999999999992724,1.1504299109832134e-12,-12.10,-18.90,6.80,OPEN,1
00384627-0055-311e-0000-0000822cff73,2024-11-27T19:32:44.109,408.04,20713.0,20714.8,20948.0,20605.9,-112.5,20712.5,20714.3,20948.0,20605.9,-112.5,20699.9,20701.7,20948.0,20605.9,-106.4,-107.62,-1.0,1.7999999999992724,1.1504299109832134e-12,-10.90,-17.50,6.60,OPEN,0
00384627-0055-311e-0000-0000822cff73,2024-11-27T19:33:44.841,408.04,20712.3,20714.1,20948.0,20605.9,-112.5,20713.0,20714.8,20948.0,20605.9,-112.5,20712.5,20714.3,20948.0,20605.9,-112.5,-107.62,-1.0,1.7999999999992724,1.1504299109832134e-12,-9.10,-16.00,6.90,OPEN,0
00384627-0055-311e-0000-0000822cff73,2024-11-27T19:34:45.489,408.04,20714.5,20716.3,20948.0,20605.9,-112.5,20712.3,20714.1,20948.0,20605.9,-112.5,20713.0,20714.8,20948.0,20605.9,-112.5,-107.62,-0.99,1.7999999999992724,1.1504299109832134e-12,-6.80,-14.10,7.30,OPEN,0
99,2024-11-27T19:58:39.014,0.0,20748.8,20750.6,20948.0,20605.9,-87.4,20748.3,20750.1,20948.0,20605.9,-87.4,20743.9,20745.7,20948.0,20605.9,-87.8,0.0,-0.83,0.0,0.0,N/A,N/A,N/A,OPEN,0
99,2024-11-27T19:59:39.697,0.0,20742.0,20743.8,20948.0,20605.9,-87.4,20748.8,20750.6,20948.0,20605.9,-87.4,20748.3,20750.1,20948.0,20605.9,-87.4,0.0,-0.86,0.0,0.0,N/A,N/A,N/A,OPEN,0
99,2024-11-27T20:00:40.617,0.0,20742.5,20744.3,20948.0,20605.9,-87.4,20742.0,20743.8,20948.0,20605.9,-87.4,20748.8,20750.6,20948.0,20605.9,-87.4,0.0,-0.86,0.0,0.0,N/A,N/A,N/A,OPEN,0
99,2024-11-27T20:01:41.258,0.0,20739.3,20741.1,20948.0,20605.9,-73.1,20742.5,20744.3,20948.0,20605.9,-87.4,20742.0,20743.8,20948.0,20605.9,-87.4,0.0,-0.87,0.0,0.0,N/A,N/A,N/A,OPEN,0
99,2024-11-27T20:02:42.039,0.0,20733.0,20734.8,20948.0,20605.9,-73.1,20739.3,20741.1,20948.0,20605.9,-73.1,20742.5,20744.3,20948.0,20605.9,-87.4,0.0,-0.9,0.0,0.0,N/A,N/A,N/A,OPEN,0
99,2024-11-27T20:03:42.786,0.0,20736.8,20738.6,20948.0,20605.9,-73.1,20733.0,20734.8,20948.0,20605.9,-73.1,20739.3,20741.1,20948.0,20605.9,-73.1,0.0,-0.88,0.0,0.0,N/A,N/A,N/A,OPEN,0
99,2024-11-27T20:04:43.684,0.0,20740.3,20742.1,20948.0,20605.9,-73.1,20736.8,20738.6,20948.0,20605.9,-73.1,20733.0,20734.8,20948.0,20605.9,-73.1,0.0,-0.87,0.0,0.0,N/A,N/A,N/A,OPEN,0
00384627-0055-311e-0000-0000822d06e9,2024-11-27T21:06:05.229,410.09,20757.3,20759.1,20948.0,20605.9,-75.0,20744.8,20746.6,20948.0,20605.9,-75.0,20736.8,20738.6,20948.0,20605.9,-65.8,-71.92,-0.79,1.7999999999992724,0.0,-0.80,N/A,N/A,OPEN,1
00384627-0055-311e-0000-0000822d06e9,2024-11-27T21:06:06.691,410.09,20758.3,20760.1,20948.0,20605.9,-75.0,20757.3,20759.1,20948.0,20605.9,-75.0,20744.8,20746.6,20948.0,20605.9,-75.0,-71.92,-0.78,1.7999999999992724,0.0,-1.60,N/A,N/A,OPEN,0
00384627-0055-311e-0000-0000822d06e9,2024-11-27T21:07:07.355,410.09,20752.8,20754.6,20948.0,20605.9,-76.1,20758.3,20760.1,20948.0,20605.9,-75.0,20757.3,20759.1,20948.0,20605.9,-75.0,-71.92,-0.81,1.7999999999992724,0.0,-2.70,N/A,N/A,OPEN,0
00384627-0055-311e-0000-0000822d06e9,2024-11-27T21:08:08.069,410.09,20749.8,20751.6,20948.0,20605.9,-76.1,20752.8,20754.6,20948.0,20605.9,-76.1,20758.3,20760.1,20948.0,20605.9,-75.0,-71.92,-0.82,1.7999999999992724,0.0,-3.00,N/A,N/A,OPEN,0
00384627-0055-311e-0000-0000822d06e9,2024-11-27T21:09:08.207,410.09,20756.0,20757.8,20948.0,20605.9,-76.1,20749.8,20751.6,20948.0,20605.9,-76.1,20752.8,20754.6,20948.0,20605.9,-76.1,-71.92,-0.79,1.7999999999992724,0.0,-4.70,-1.70,-3.00,OPEN,0
00384627-0055-311e-0000-0000822d06e9,2024-11-27T21:10:09.675,410.09,20755.5,20757.3,20948.0,20605.9,-76.1,20756.0,20757.8,20948.0,20605.9,-76.1,20749.8,20751.6,20948.0,20605.9,-76.1,-71.92,-0.8,1.7999999999992724,0.0,-5.60,-2.20,-3.40,OPEN,0
00384627-0055-311e-0000-0000822d06e9,2024-11-27T21:11:10.039,410.09,20752.5,20754.3,20948.0,20605.9,-65.1,20755.5,20757.3,20948.0,20605.9,-76.1,20756.0,20757.8,20948.0,20605.9,-76.1,-71.92,-0.81,1.7999999999992724,0.0,-5.90,-2.80,-3.10,OPEN,0
00384627-0055-311e-0000-0000822d06e9,2024-11-27T21:12:11.077,410.09,20748.1,20749.9,20948.0,20605.9,-65.1,20752.5,20754.3,20948.0,20605.9,-65.1,20755.5,20757.3,20948.0,20605.9,-76.1,-71.92,-0.83,1.7999999999992724,0.0,-5.60,-3.40,-2.20,OPEN,0
00384627-0055-311e-0000-0000822d06e9,2024-11-27T21:13:11.719,410.09,20746.4,20748.2,20948.0,20605.9,-65.1,20748.1,20749.9,20948.0,20605.9,-65.1,20752.5,20754.3,20948.0,20605.9,-65.1,-71.92,-0.84,1.7999999999992724,0.0,-5.00,-3.90,-1.10,OPEN,0
00384627-0055-311e-0000-0000822d07e5,2024-11-27T21:32:39.796,408.72,20721.1,20722.9,20948.0,20605.9,-95.5,20716.8,20718.6,20948.0,20605.9,-95.5,20721.5,20723.3,20948.0,20605.9,-93.5,-66.5,-0.96,1.7999999999992724,1.1504299109832134e-12,12.00,7.30,4.70,Take profit,0
00384627-0055-311e-0000-00008230d89b,2024-12-17T08:34:21.326,1000.0,22076.6,22078.4,22107.3,22062.3,342.9,22083.5,22085.3,22107.3,22062.3,342.9,22078.0,22079.8,22107.3,22062.3,344.9,6.80,7.60,-0.80,Take profit,2
00384627-0055-311e-0000-00008230d89b,2024-12-17T08:35:23.189,1000.0,22074.5,22076.3,22107.3,22062.3,345.6,22076.6,22078.4,22107.3,22062.3,342.9,22083.5,22085.3,22107.3,22062.3,342.9,6.00,7.40,-1.40,Take profit,0
00384627-0055-311e-0000-00008230d89b,2024-12-17T08:36:22.861,1000.0,22073.8,22075.6,22107.3,22062.3,345.6,22074.5,22076.3,22107.3,22062.3,345.6,22076.6,22078.4,22107.3,22062.3,342.9,5.20,7.10,-1.90,Take profit,0
00384627-0055-311e-0000-00008230d89b,2024-12-17T08:37:23.018,1000.0,22070.2,22072.0,22107.3,22062.3,345.6,22073.8,22075.6,22107.3,22062.3,345.6,22074.5,22076.3,22107.3,22062.3,345.6,4.70,6.80,-2.10,Take profit,0
00384627-0055-311e-0000-00008230d89b,2024-12-17T08:38:23.958,1000.0,22072.5,22074.3,22107.3,22062.3,345.6,22070.2,22072.0,22107.3,22062.3,345.6,22073.8,22075.6,22107.3,22062.3,345.6,4.00,6.40,-2.40,Take profit,0
00384627-0055-311e-0000-00008230d89b,2024-12-17T08:39:26.214,1000.0,22071.8,22073.6,22107.3,22062.3,339.4,22072.5,22074.3,22107.3,22062.3,345.6,22070.2,22072.0,22107.3,22062.3,345.6,3.30,5.90,-2.60,Take profit,0
00384627-0055-311e-0000-00008230d89b,2024-12-17T08:40:24.722,1000.0,22068.0,22069.8,22107.3,22062.3,339.4,22071.8,22073.6,22107.3,22062.3,339.4,22072.5,22074.3,22107.3,22062.3,345.6,2.60,5.30,-2.70,Take profit,0
00384627-0055-311e-0000-00008230d89b,2024-12-17T08:41:27.345,1000.0,22063.5,22065.3,22107.3,22062.3,339.4,22068.0,22069.8,22107.3,22062.3,339.4,22071.8,22073.6,22107.3,22062.3,339.4,2.40,4.70,-2.30,Take profit,0
00384627-0055-311e-0000-00008230d89b,2024-12-17T08:42:27.226,1000.0,22062.8,22064.6,22107.3,22062.3,339.4,22063.5,22065.3,22107.3,22062.3,339.4,22068.0,22069.8,22107.3,22062.3,339.4,2.10,4.10,-2.00,Take profit,0
00384627-0055-311e-0000-00008230d8f5,2024-12-17T08:43:28.029,1011.58,22062.3,22064.1,22107.3,22062.3,339.4,22062.8,22064.6,22107.3,22062.3,339.4,22063.5,22065.3,22107.3,22062.3,339.4,2.60,3.30,-0.70,Take profit,2
00384627-0055-311e-0000-00008230d8f5,2024-12-17T08:43:31.094,1011.58,22061.6,22063.4,22107.3,22062.3,339.4,22062.3,22064.1,22107.3,22062.3,339.4,22062.8,22064.6,22107.3,22062.3,339.4,3.10,3.00,0.10,Take profit,0
00384627-0055-311e-0000-00008230d8f5,2024-12-17T08:44:31.713,1011.58,22045.8,22047.6,22107.3,22059.2,330.9,22061.6,22063.4,22107.3,22062.3,339.4,22062.3,22064.1,22107.3,22062.3,339.4,4.10,3.00,1.10,Take profit,0
00384627-0055-311e-0000-00008230d959,2024-12-17T08:45:32.150,1023.08,22039.8,22041.6,22107.3,22059.2,330.9,22045.8,22047.6,22107.3,22059.2,330.9,22061.6,22063.4,22107.3,22062.3,339.4,5.50,3.40,2.10,Stop-loss,1
00384627-0055-311e-0000-00008230d959,2024-12-17T08:45:34.176,1023.08,22039.8,22041.6,22107.3,22059.2,330.9,22039.8,22041.6,22107.3,22059.2,330.9,22045.8,22047.6,22107.3,22059.2,330.9,7.40,4.50,2.90,Stop-loss,1
00384627-0055-311e-0000-00008230d959,2024-12-17T08:45:36.128,1023.08,22039.3,22041.1,22107.3,22059.2,330.9,22039.8,22041.6,22107.3,22059.2,330.9,22039.8,22041.6,22107.3,22059.2,330.9,8.90,5.20,3.70,Stop-loss,0
00384627-0055-311e-0000-00008230d983,2024-12-17T08:46:36.590,1001.98,22033.0,22034.8,22107.3,22059.2,330.9,22039.3,22041.1,22107.3,22059.2,330.9,22039.8,22041.6,22107.3,22059.2,330.9,10.50,7.00,3.50,Stop-loss,1
00384627-0055-311e-0000-00008230d983,2024-12-17T08:46:38.669,1001.98,22031.8,22033.6,22107.3,22059.2,330.9,22033.0,22034.8,22107.3,22059.2,330.9,22039.3,22041.1,22107.3,22059.2,330.9,12.20,8.00,4.20,Stop-loss,0
00384627-0055-311e-0000-00008230d983,2024-12-17T08:47:38.278,1001.98,22037.2,22039.0,22107.3,22059.2,330.9,22031.8,22033.6,22107.3,22059.2,330.9,22033.0,22034.8,22107.3,22059.2,330.9,13.40,9.00,4.40,Stop-loss,0
00384627-0055-311e-0000-00008230d983,2024-12-17T08:48:40.506,1001.98,22025.8,22027.6,22107.3,22059.2,330.9,22037.2,22039.0,22107.3,22059.2,330.9,22031.8,22033.6,22107.3,22059.2,330.9,15.10,10.10,5.00,Stop-loss,0
00384627-0055-311e-0000-00008230d983,2024-12-17T08:49:40.993,1001.98,22025.7,22027.5,22107.3,22059.2,330.9,22025.8,22027.6,22107.3,22059.2,330.9,22037.2,22039.0,22107.3,22059.2,330.9,16.80,11.40,5.40,Stop-loss,0
00384627-0055-311e-0000-00008230d9cd,2024-12-17T08:50:41.854,992.3,22021.3,22023.1,22107.3,22023.8,307.1,22025.7,22027.5,22107.3,22059.2,330.9,22025.8,22027.6,22107.3,22059.2,330.9,18.30,13.80,4.50,Take profit,1
00384627-0055-311e-0000-00008230d9cd,2024-12-17T08:50:43.751,992.3,22022.5,22024.3,22107.3,22023.8,307.1,22021.3,22023.1,22107.3,22023.8,307.1,22025.7,22027.5,22107.3,22059.2,330.9,19.00,14.90,4.10,Take profit,0
00384627-0055-311e-0000-00008230d9cd,2024-12-17T08:51:43.198,992.3,22024.1,22025.9,22107.3,22023.8,307.1,22022.5,22024.3,22107.3,22023.8,307.1,22021.3,22023.1,22107.3,22023.8,307.1,19.60,15.90,3.70,Take profit,0
00384627-0055-311e-0000-00008230d9cd,2024-12-17T08:52:41.823,992.3,22022.1,22023.9,22107.3,22023.8,307.1,22024.1,22025.9,22107.3,22023.8,307.1,22022.5,22024.3,22107.3,22023.8,307.1,20.40,17.00,3.40,Take profit,0
00384627-0055-311e-0000-00008230d9fe,2024-12-17T08:53:45.334,1004.03,22039.3,22041.1,22107.3,22023.8,307.1,22022.1,22023.9,22107.3,22023.8,307.1,22024.1,22025.9,22107.3,22023.8,307.1,20.50,18.70,1.80,Stop-loss,1
00384627-0055-311e-0000-00008230d9fe,2024-12-17T08:53:47.870,1004.03,22038.3,22040.1,22107.3,22023.8,307.1,22039.3,22041.1,22107.3,22023.8,307.1,22022.1,22023.9,22107.3,22023.8,307.1,19.20,19.20,N/A,Stop-loss,0
00384627-0055-311e-0000-00008230d9fe,2024-12-17T08:54:47.664,1004.03,22037.1,22038.9,22107.3,22023.8,307.1,22038.3,22040.1,22107.3,22023.8,307.1,22039.3,22041.1,22107.3,22023.8,307.1,17.60,19.30,-1.70,Stop-loss,0
00384627-0055-311e-0000-00008230d9fe,2024-12-17T08:55:49.053,1004.03,22035.6,22037.4,22107.3,22020.5,288.4,22037.1,22038.9,22107.3,22023.8,307.1,22038.3,22040.1,22107.3,22023.8,307.1,16.20,19.00,-2.80,Stop-loss,0
00384627-0055-311e-0000-00008230d9fe,2024-12-17T08:56:47.963,1004.03,22039.3,22041.1,22107.3,22020.5,288.4,22035.6,22037.4,22107.3,22020.5,288.4,22037.1,22038.9,22107.3,22023.8,307.1,14.60,18.60,-4.00,Stop-loss,0
00384627-0055-311e-0000-00008230d9fe,2024-12-17T08:57:50.506,1004.03,22037.8,22039.6,22107.3,22020.5,288.4,22039.3,22041.1,22107.3,22020.5,288.4,22035.6,22037.4,22107.3,22020.5,288.4,12.80,17.90,-5.10,Stop-loss,0
00384627-0055-311e-0000-00008230d9fe,2024-12-17T08:58:50.815,1004.03,22038.6,22040.4,22107.3,22020.5,288.4,22037.8,22039.6,22107.3,22020.5,288.4,22039.3,22041.1,22107.3,22020.5,288.4,10.70,16.90,-6.20,Stop-loss,0
00384627-0055-311e-0000-00008230da3b,2024-12-17T08:59:51.654,994.28,22027.3,22029.1,22107.3,22020.5,300.7,22038.6,22040.4,22107.3,22020.5,288.4,22037.8,22039.6,22107.3,22020.5,288.4,9.50,14.50,-5.00,Stop-loss,2
00384627-0055-311e-0000-00008230da3b,2024-12-17T08:59:53.886,994.28,22027.7,22029.5,22107.3,22020.5,300.7,22027.3,22029.1,22107.3,22020.5,300.7,22038.6,22040.4,22107.3,22020.5,288.4,7.50,11.80,-4.30,Stop-loss,2
00384627-0055-311e-0000-00008230da3b,2024-12-17T08:59:55.795,994.28,22026.8,22028.6,22107.3,22020.5,300.7,22027.7,22029.5,22107.3,22020.5,300.7,22027.3,22029.1,22107.3,22020.5,300.7,5.80,10.50,-4.70,Stop-loss,0
00384627-0055-311e-0000-00008230da3b,2024-12-17T09:00:56.466,994.28,22020.2,22022.0,22107.3,22020.5,300.7,22026.8,22028.6,22107.3,22020.5,300.7,22027.7,22029.5,22107.3,22020.5,300.7,4.00,9.10,-5.10,Stop-loss,0
00384627-0055-311e-0000-00008230da3b,2024-12-17T09:01:57.134,994.28,22027.1,22028.9,22107.3,22020.5,300.7,22020.2,22022.0,22107.3,22020.5,300.7,22026.8,22028.6,22107.3,22020.5,300.7,2.00,7.70,-5.70,Stop-loss,0
00384627-0055-311e-0000-00008230da3b,2024-12-17T09:02:57.779,994.28,22035.7,22037.5,22107.3,22020.5,300.7,22027.1,22028.9,22107.3,22020.5,300.7,22020.2,22022.0,22107.3,22020.5,300.7,-0.10,6.30,-6.40,Stop-loss,0
00384627-0055-311e-0000-00008230da83,2024-12-17T09:03:58.135,975.0,22035.8,22037.6,22107.3,22020.5,300.7,22035.7,22037.5,22107.3,22020.5,300.7,22027.1,22028.9,22107.3,22020.5,300.7,-1.70,3.60,-5.30,Take profit,2
00384627-0055-311e-0000-00008230da83,2024-12-17T09:04:00.465,975.0,22036.0,22037.8,22107.3,22020.5,300.7,22035.8,22037.6,22107.3,22020.5,300.7,22035.7,22037.5,22107.3,22020.5,300.7,-1.50,2.40,-3.90,Take profit,0
00384627-0055-311e-0000-00008230da83,2024-12-17T09:05:00.919,975.0,22024.7,22026.5,22107.3,22019.3,289.7,22036.0,22037.8,22107.3,22020.5,300.7,22035.8,22037.6,22107.3,22020.5,300.7,-1.20,1.50,-2.70,Take profit,0
00384627-0055-311e-0000-00008230da83,2024-12-17T09:06:01.297,975.0,22021.7,22023.5,22107.3,22019.3,289.7,22024.7,22026.5,22107.3,22019.3,289.7,22036.0,22037.8,22107.3,22020.5,300.7,-0.70,0.50,-1.20,Take profit,0
00384627-0055-311e-0000-00008230daf4,2024-12-17T09:07:02.025,988.18,22019.3,22021.1,22107.3,22019.3,289.7,22021.7,22023.5,22107.3,22019.3,289.7,22024.7,22026.5,22107.3,22019.3,289.7,0.10,-0.50,0.60,Take profit,1
00384627-0055-311e-0000-00008230daf4,2024-12-17T09:07:04.333,988.18,22020.8,22022.6,22107.3,22019.3,289.7,22019.3,22021.1,22107.3,22019.3,289.7,22021.7,22023.5,22107.3,22019.3,289.7,1.20,-0.60,1.80,Take profit,0
00384627-0055-311e-0000-00008230daf4,2024-12-17T09:08:05.159,988.18,22020.6,22022.4,22107.3,22019.3,289.7,22020.8,22022.6,22107.3,22019.3,289.7,22019.3,22021.1,22107.3,22019.3,289.7,1.80,-0.40,2.20,Take profit,0
00384627-0055-311e-0000-00008230daf4,2024-12-17T09:09:05.691,988.18,22014.6,22016.4,22107.3,22019.3,289.7,22020.6,22022.4,22107.3,22019.3,289.7,22020.8,22022.6,22107.3,22019.3,289.7,3.30,0.20,3.10,Take profit,0
00384627-0055-311e-0000-00008230daf4,2024-12-17T09:10:06.582,988.18,22023.7,22025.5,22107.3,22019.3,289.7,22014.6,22016.4,22107.3,22019.3,289.7,22020.6,22022.4,22107.3,22019.3,289.7,3.50,0.70,2.80,Take profit,0
00384627-0055-311e-0000-00008230daf4,2024-12-17T09:11:07.198,988.18,22015.0,22016.8,22107.3,22015.8,288.9,22023.7,22025.5,22107.3,22019.3,289.7,22014.6,22016.4,22107.3,22019.3,289.7,4.40,1.40,3.00,Take profit,0
00384627-0055-311e-0000-00008230daf4,2024-12-17T09:12:07.818,988.18,22015.8,22017.6,22107.3,22015.8,288.9,22015.0,22016.8,22107.3,22015.8,288.9,22023.7,22025.5,22107.3,22019.3,289.7,4.90,2.10,2.80,Take profit,0
00384627-0055-311e-0000-00008230daf4,2024-12-17T09:13:08.579,988.18,22024.6,22026.4,22107.3,22015.8,288.9,22015.8,22017.6,22107.3,22015.8,288.9,22015.0,22016.8,22107.3,22015.8,288.9,4.60,2.70,1.90,Take profit,0
00384627-0055-311e-0000-00008230daf4,2024-12-17T09:14:09.192,988.18,22024.1,22025.9,22107.3,22015.8,288.9,22024.6,22026.4,22107.3,22015.8,288.9,22015.8,22017.6,22107.3,22015.8,288.9,4.90,3.20,1.70,Take profit,0
00384627-0055-311e-0000-00008230daf4,2024-12-17T09:15:09.917,988.18,22033.6,22035.4,22107.3,22011.7,287.6,22024.1,22025.9,22107.3,22015.8,288.9,22024.6,22026.4,22107.3,22015.8,288.9,4.80,3.70,1.10,Take profit,0
00384627-0055-311e-0000-00008230daf4,2024-12-17T09:16:10.563,988.18,22030.6,22032.4,22107.3,22011.7,287.6,22033.6,22035.4,22107.3,22011.7,287.6,22024.1,22025.9,22107.3,22015.8,288.9,4.90,4.10,0.80,Take profit,0
00384627-0055-311e-0000-00008230daf4,2024-12-17T09:17:10.948,988.18,22031.6,22033.4,22107.3,22011.7,287.6,22030.6,22032.4,22107.3,22011.7,287.6,22033.6,22035.4,22107.3,22011.7,287.6,5.00,4.50,0.50,Take profit,0
00384627-0055-311e-0000-00008230daf4,2024-12-17T09:18:11.706,988.18,22031.2,22033.0,22107.3,22011.7,287.6,22031.6,22033.4,22107.3,22011.7,287.6,22030.6,22032.4,22107.3,22011.7,287.6,4.30,4.60,-0.30,Take profit,0
00384627-0055-311e-0000-00008230daf4,2024-12-17T09:19:12.755,988.18,22029.0,22030.8,22107.3,22011.7,287.6,22031.2,22033.0,22107.3,22011.7,287.6,22031.6,22033.4,22107.3,22011.7,287.6,3.30,4.60,-1.30,Take profit,0
00384627-0055-311e-0000-00008230daf4,2024-12-17T09:20:12.254,988.18,22031.3,22033.1,22107.3,22011.7,292.2,22029.0,22030.8,22107.3,22011.7,287.6,22031.2,22033.0,22107.3,22011.7,287.6,2.00,4.30,-2.30,Take profit,0
00384627-0055-311e-0000-00008230dba5,2024-12-17T09:21:14.169,999.69,22038.8,22040.6,22107.3,22011.7,292.2,22031.3,22033.1,22107.3,22011.7,292.2,22029.0,22030.8,22107.3,22011.7,287.6,0.50,3.40,-2.90,Stop-loss,2
00384627-0055-311e-0000-00008230dba5,2024-12-17T09:21:15.777,999.69,22038.7,22040.5,22107.3,22011.7,292.2,22038.8,22040.6,22107.3,22011.7,292.2,22031.3,22033.1,22107.3,22011.7,292.2,-0.50,2.80,-3.30,Stop-loss,0
00384627-0055-311e-0000-00008230dba5,2024-12-17T09:22:16.953,999.69,22040.5,22042.3,22107.3,22011.7,292.2,22038.7,22040.5,22107.3,22011.7,292.2,22038.8,22040.6,22107.3,22011.7,292.2,-2.10,2.00,-4.10,Stop-loss,0
00384627-0055-311e-0000-00008230dba5,2024-12-17T09:23:17.567,999.69,22038.5,22040.3,22107.3,22011.7,292.2,22040.5,22042.3,22107.3,22011.7,292.2,22038.7,22040.5,22107.3,22011.7,292.2,-2.80,1.10,-3.90,Stop-loss,0
00384627-0055-311e-0000-00008230dba5,2024-12-17T09:24:18.346,999.69,22039.0,22040.8,22107.3,22011.7,292.2,22038.5,22040.3,22107.3,22011.7,292.2,22040.5,22042.3,22107.3,22011.7,292.2,-4.00,0.10,-4.10,Stop-loss,0
00384627-0055-311e-0000-00008230dba5,2024-12-17T09:25:18.935,999.69,22040.6,22042.4,22107.3,22011.7,294.9,22039.0,22040.8,22107.3,22011.7,292.2,22038.5,22040.3,22107.3,22011.7,292.2,-5.50,-1.00,-4.50,Stop-loss,0
00384627-0055-311e-0000-00008230dba5,2024-12-17T09:26:19.759,999.69,22035.6,22037.4,22107.3,22011.7,294.9,22040.6,22042.4,22107.3,22011.7,294.9,22039.0,22040.8,22107.3,22011.7,292.2,-6.40,-2.00,-4.40,Stop-loss,0
00384627-0055-311e-0000-00008230dba5,2024-12-17T09:27:20.387,999.69,22036.1,22037.9,22107.3,22011.7,294.9,22035.6,22037.4,22107.3,22011.7,294.9,22040.6,22042.4,22107.3,22011.7,294.9,-7.40,-3.10,-4.30,Stop-loss,0
00384627-0055-311e-0000-00008230dba5,2024-12-17T09:28:21.154,999.69,22037.7,22039.5,22107.3,22011.7,294.9,22036.1,22037.9,22107.3,22011.7,294.9,22035.6,22037.4,22107.3,22011.7,294.9,-7.60,-4.00,-3.60,Stop-loss,0
00384627-0055-311e-0000-00008230dba5,2024-12-17T09:29:21.311,999.69,22042.3,22044.1,22107.3,22011.7,294.9,22037.7,22039.5,22107.3,22011.7,294.9,22036.1,22037.9,22107.3,22011.7,294.9,-7.80,-4.90,-2.90,Stop-loss,0
00384627-0055-311e-0000-00008230dba5,2024-12-17T09:30:22.433,999.69,22041.8,22043.6,22107.3,22011.7,303.4,22042.3,22044.1,22107.3,22011.7,294.9,22037.7,22039.5,22107.3,22011.7,294.9,-7.70,-5.70,-2.00,Stop-loss,0
00384627-0055-311e-0000-00008230dc66,2024-12-17T09:31:22.887,990.16,22048.1,22049.9,22107.3,22011.7,303.4,22041.8,22043.6,22107.3,22011.7,303.4,22042.3,22044.1,22107.3,22011.7,294.9,-7.90,-6.90,-1.00,Take profit,2
00384627-0055-311e-0000-00008230dc66,2024-12-17T09:31:24.856,990.16,22048.8,22050.6,22107.3,22011.7,303.4,22048.1,22049.9,22107.3,22011.7,303.4,22041.8,22043.6,22107.3,22011.7,303.4,-8.30,-7.40,-0.90,Take profit,0
00384627-0055-311e-0000-00008230dc66,2024-12-17T09:32:25.765,990.16,22051.2,22053.0,22107.3,22011.7,303.4,22048.8,22050.6,22107.3,22011.7,303.4,22048.1,22049.9,22107.3,22011.7,303.4,-8.60,-7.70,-0.90,Take profit,0
00384627-0055-311e-0000-00008230dc66,2024-12-17T09:33:26.126,990.16,22050.1,22051.9,22107.3,22011.7,303.4,22051.2,22053.0,22107.3,22011.7,303.4,22048.8,22050.6,22107.3,22011.7,303.4,-7.90,-7.90,N/A,Take profit,0
00384627-0055-311e-0000-00008230dc66,2024-12-17T09:34:26.947,990.16,22048.6,22050.4,22107.3,22011.7,303.4,22050.1,22051.9,22107.3,22011.7,303.4,22051.2,22053.0,22107.3,22011.7,303.4,-7.60,-7.90,0.30,Take profit,0
00384627-0055-311e-0000-00008230dc66,2024-12-17T09:35:27.599,990.16,22049.6,22051.4,22107.3,22011.7,306.3,22048.6,22050.4,22107.3,22011.7,303.4,22050.1,22051.9,22107.3,22011.7,303.4,-6.80,-7.80,1.00,Take profit,0
00384627-0055-311e-0000-00008230dc66,2024-12-17T09:36:28.543,990.16,22045.0,22046.8,22107.3,22011.7,306.3,22049.6,22051.4,22107.3,22011.7,306.3,22048.6,22050.4,22107.3,22011.7,303.4,-6.00,-7.60,1.60,Take profit,0
00384627-0055-311e-0000-00008230dc66,2024-12-17T09:37:29.281,990.16,22034.7,22036.5,22107.3,22011.7,306.3,22045.0,22046.8,22107.3,22011.7,306.3,22049.6,22051.4,22107.3,22011.7,306.3,-5.20,-7.40,2.20,Take profit,0
00384627-0055-311e-0000-00008230dcc5,2024-12-17T09:38:29.804,1001.6,22032.3,22034.1,22107.3,22011.7,306.3,22034.7,22036.5,22107.3,22011.7,306.3,22045.0,22046.8,22107.3,22011.7,306.3,-4.10,-6.50,2.40,Stop-loss,1
00384627-0055-311e-0000-00008230dcc5,2024-12-17T09:38:31.888,1001.6,22032.1,22033.9,22107.3,22011.7,306.3,22032.3,22034.1,22107.3,22011.7,306.3,22034.7,22036.5,22107.3,22011.7,306.3,-4.00,-6.00,2.00,Stop-loss,0
00384627-0055-311e-0000-00008230dcc5,2024-12-17T09:39:32.441,1001.6,22029.2,22031.0,22107.3,22011.7,306.3,22032.1,22033.9,22107.3,22011.7,306.3,22032.3,22034.1,22107.3,22011.7,306.3,-3.40,-5.50,2.10,Stop-loss,0
00384627-0055-311e-0000-00008230dcc5,2024-12-17T09:40:31.496,1001.6,22029.0,22030.8,22107.3,22011.7,310.3,22029.2,22031.0,22107.3,22011.7,306.3,22032.1,22033.9,22107.3,22011.7,306.3,-2.80,-4.90,2.10,Stop-loss,0
00384627-0055-311e-0000-00008230dcc5,2024-12-17T09:41:34.126,1001.6,22037.2,22039.0,22107.3,22011.7,310.3,22029.0,22030.8,22107.3,22011.7,310.3,22029.2,22031.0,22107.3,22011.7,306.3,-2.20,-4.30,2.10,Stop-loss,0
00384627-0055-311e-0000-00008230dcc5,2024-12-17T09:42:34.548,1001.6,22034.1,22035.9,22107.3,22011.7,310.3,22037.2,22039.0,22107.3,22011.7,310.3,22029.0,22030.8,22107.3,22011.7,310.3,-1.20,-3.70,2.50,Stop-loss,0
00384627-0055-311e-0000-00008230dcc5,2024-12-17T09:43:35.508,1001.6,22033.3,22035.1,22107.3,22011.7,310.3,22034.1,22035.9,22107.3,22011.7,310.3,22037.2,22039.0,22107.3,22011.7,310.3,0.10,-3.00,3.10,Stop-loss,0
00384627-0055-311e-0000-00008230dcc5,2024-12-17T09:44:35.199,1001.6,22031.1,22032.9,22107.3,22011.7,310.3,22033.3,22035.1,22107.3,22011.7,310.3,22034.1,22035.9,22107.3,22011.7,310.3,1.20,-2.30,3.50,Stop-loss,0
00384627-0055-311e-0000-00008230dd23,2024-12-17T09:45:36.828,991.99,22021.7,22023.5,22107.3,22011.7,293.1,22031.1,22032.9,22107.3,22011.7,310.3,22033.3,22035.1,22107.3,22011.7,310.3,2.90,-0.70,3.60,Take profit,1
00384627-0055-311e-0000-00008230dd23,2024-12-17T09:45:38.594,990.62,22021.2,22023.0,22107.3,22011.7,293.1,22021.7,22023.5,22107.3,22011.7,293.1,22031.1,22032.9,22107.3,22011.7,310.3,4.50,1.10,3.40,Take profit,1
00384627-0055-311e-0000-00008230dd23,2024-12-17T09:45:40.292,990.62,22021.1,22022.9,22107.3,22011.7,293.1,22021.2,22023.0,22107.3,22011.7,293.1,22021.7,22023.5,22107.3,22011.7,293.1,5.90,2.10,3.80,Take profit,0
00384627-0055-311e-0000-00008230dd23,2024-12-17T09:46:41.423,990.62,22023.7,22025.5,22107.3,22011.7,293.1,22021.1,22022.9,22107.3,22011.7,293.1,22021.2,22023.0,22107.3,22011.7,293.1,7.40,3.10,4.30,Take profit,0
00384627-0055-311e-0000-00008230dd23,2024-12-17T09:47:41.538,990.62,22036.3,22038.1,22107.3,22011.7,293.1,22023.7,22025.5,22107.3,22011.7,293.1,22021.1,22022.9,22107.3,22011.7,293.1,8.00,4.20,3.80,Take profit,0
00384627-0055-311e-0000-00008230dd54,2024-12-17T09:48:41.940,1003.5,22035.3,22037.1,22107.3,22011.7,293.1,22036.3,22038.1,22107.3,22011.7,293.1,22023.7,22025.5,22107.3,22011.7,293.1,7.90,5.80,2.10,Stop-loss,1
00384627-0055-311e-0000-00008230dd54,2024-12-17T09:48:44.652,1003.5,22035.2,22037.0,22107.3,22011.7,293.1,22035.3,22037.1,22107.3,22011.7,293.1,22036.3,22038.1,22107.3,22011.7,293.1,7.60,6.30,1.30,Stop-loss,0
00384627-0055-311e-0000-00008230dd54,2024-12-17T09:49:45.476,1003.5,22038.7,22040.5,22107.3,22011.7,293.1,22035.2,22037.0,22107.3,22011.7,293.1,22035.3,22037.1,22107.3,22011.7,293.1,7.10,6.80,0.30,Stop-loss,0
00384627-0055-311e-0000-00008230dd54,2024-12-17T09:50:45.539,1003.5,22030.3,22032.1,22107.3,22011.7,292.8,22038.7,22040.5,22107.3,22011.7,293.1,22035.2,22037.0,22107.3,22011.7,293.1,6.50,7.00,-0.50,Stop-loss,0
00384627-0055-311e-0000-00008230dd54,2024-12-17T09:51:46.536,1003.5,22031.2,22033.0,22107.3,22011.7,292.8,22030.3,22032.1,22107.3,22011.7,292.8,22038.7,22040.5,22107.3,22011.7,293.1,5.90,7.10,-1.20,Stop-loss,0
00384627-0055-311e-0000-00008230dd54,2024-12-17T09:52:47.047,1003.5,22031.8,22033.6,22107.3,22011.7,292.8,22031.2,22033.0,22107.3,22011.7,292.8,22030.3,22032.1,22107.3,22011.7,292.8,5.50,7.10,-1.60,Stop-loss,0
00384627-0055-311e-0000-00008230dd54,2024-12-17T09:53:47.284,1003.5,22031.8,22033.6,22107.3,22011.7,292.8,22031.8,22033.6,22107.3,22011.7,292.8,22031.2,22033.0,22107.3,22011.7,292.8,4.90,6.80,-1.90,Stop-loss,0
00384627-0055-311e-0000-00008230dd54,2024-12-17T09:54:48.891,1003.5,22027.2,22029.0,22107.3,22011.7,302.9,22031.8,22033.6,22107.3,22011.7,292.8,22031.8,22033.6,22107.3,22011.7,292.8,4.40,6.40,-2.00,Stop-loss,0
00384627-0055-311e-0000-00008230dd54,2024-12-17T09:55:49.618,1003.5,22026.6,22028.4,22107.3,22011.7,302.9,22027.2,22029.0,22107.3,22011.7,302.9,22031.8,22033.6,22107.3,22011.7,292.8,3.70,5.90,-2.20,Stop-loss,0
00384627-0055-311e-0000-00008230dd54,2024-12-17T09:56:50.222,1003.5,22030.7,22032.5,22107.3,22011.7,302.9,22026.6,22028.4,22107.3,22011.7,302.9,22027.2,22029.0,22107.3,22011.7,302.9,2.20,5.30,-3.10,Stop-loss,0
00384627-0055-311e-0000-00008230dd54,2024-12-17T09:57:51.003,1003.5,22028.7,22030.5,22107.3,22011.7,302.9,22030.7,22032.5,22107.3,22011.7,302.9,22026.6,22028.4,22107.3,22011.7,302.9,0.60,4.50,-3.90,Stop-loss,0
00384627-0055-311e-0000-00008230dd54,2024-12-17T09:58:50.774,1003.5,22023.3,22025.1,22107.3,22011.7,302.9,22028.7,22030.5,22107.3,22011.7,302.9,22030.7,22032.5,22107.3,22011.7,302.9,-0.50,3.70,-4.20,Stop-loss,0
00384627-0055-311e-0000-00008230ddcd,2024-12-17T09:59:52.221,993.59,22026.2,22028.0,22107.3,22011.7,291.2,22023.3,22025.1,22107.3,22011.7,302.9,22028.7,22030.5,22107.3,22011.7,302.9,-1.20,2.00,-3.20,Stop-loss,2
00384627-0055-311e-0000-00008230ddcd,2024-12-17T09:59:54.286,993.59,22026.0,22027.8,22107.3,22011.7,291.2,22026.2,22028.0,22107.3,22011.7,291.2,22023.3,22025.1,22107.3,22011.7,302.9,-0.50,0.80,-1.30,Stop-loss,2
00384627-0055-311e-0000-00008230ddcd,2024-12-17T09:59:55.496,993.59,22026.2,22028.0,22107.3,22011.7,291.2,22026.0,22027.8,22107.3,22011.7,291.2,22026.2,22028.0,22107.3,22011.7,291.2,-0.10,0.30,-0.40,Stop-loss,0
00384627-0055-311e-0000-00008230ddcd,2024-12-17T10:00:56.976,993.59,22031.1,22032.9,22107.3,22011.7,291.2,22026.2,22028.0,22107.3,22011.7,291.2,22026.0,22027.8,22107.3,22011.7,291.2,0.30,-0.10,0.40,Stop-loss,0
00384627-0055-311e-0000-00008230ddf6,2024-12-17T10:01:57.642,983.98,22036.0,22037.8,22107.3,22011.7,291.2,22031.1,22032.9,22107.3,22011.7,291.2,22026.2,22028.0,22107.3,22011.7,291.2,0.90,-0.20,1.10,Take profit,1
00384627-0055-311e-0000-00008230ddf6,2024-12-17T10:01:59.278,983.98,22035.7,22037.5,22107.3,22011.7,291.2,22036.0,22037.8,22107.3,22011.7,291.2,22031.1,22032.9,22107.3,22011.7,291.2,0.40,-0.10,0.50,Take profit,0
00384627-0055-311e-0000-00008230ddf6,2024-12-17T10:02:59.923,983.98,22039.5,22041.3,22107.3,22011.7,291.2,22035.7,22037.5,22107.3,22011.7,291.2,22036.0,22037.8,22107.3,22011.7,291.2,-0.10,N/A,-0.10,Take profit,0
00384627-0055-311e-0000-00008230ddf6,2024-12-17T10:04:00.900,983.98,22041.2,22043.0,22107.3,22011.7,291.2,22039.5,22041.3,22107.3,22011.7,291.2,22035.7,22037.5,22107.3,22011.7,291.2,-0.50,0.10,-0.60,Take profit,0
00384627-0055-311e-0000-00008230ddf6,2024-12-17T10:05:01.583,983.98,22042.8,22044.6,22107.3,22011.7,290.4,22041.2,22043.0,22107.3,22011.7,291.2,22039.5,22041.3,22107.3,22011.7,291.2,-0.80,0.10,-0.90,Take profit,0
00384627-0055-311e-0000-00008230ddf6,2024-12-17T10:06:02.272,983.98,22037.8,22039.6,22107.3,22011.7,290.4,22042.8,22044.6,22107.3,22011.7,290.4,22041.2,22043.0,22107.3,22011.7,291.2,-1.10,N/A,-1.10,Take profit,0
00384627-0055-311e-0000-00008230ddf6,2024-12-17T10:07:02.917,983.98,22039.3,22041.1,22107.3,22011.7,290.4,22037.8,22039.6,22107.3,22011.7,290.4,22042.8,22044.6,22107.3,22011.7,290.4,-1.30,-0.10,-1.20,Take profit,0
00384627-0055-311e-0000-00008230ddf6,2024-12-17T10:08:03.612,983.98,22047.3,22049.1,22107.3,22011.7,290.4,22039.3,22041.1,22107.3,22011.7,290.4,22037.8,22039.6,22107.3,22011.7,290.4,-1.50,-0.30,-1.20,Take profit,0
00384627-0055-311e-0000-00008230ddf6,2024-12-17T10:09:04.240,983.98,22050.6,22052.4,22107.3,22011.7,290.4,22047.3,22049.1,22107.3,22011.7,290.4,22039.3,22041.1,22107.3,22011.7,290.4,-2.10,-0.70,-1.40,Take profit,0
00384627-0055-311e-0000-00008230ddf6,2024-12-17T10:10:04.945,983.98,22049.8,22051.6,22107.3,22011.7,305.8,22050.6,22052.4,22107.3,22011.7,290.4,22047.3,22049.1,22107.3,22011.7,290.4,-3.70,-1.20,-2.50,Take profit,0
00384627-0055-311e-0000-00008230ddf6,2024-12-17T10:11:05.485,983.98,22050.6,22052.4,22107.3,22011.7,305.8,22049.8,22051.6,22107.3,22011.7,305.8,22050.6,22052.4,22107.3,22011.7,290.4,-5.10,-1.80,-3.30,Take profit,0
00384627-0055-311e-0000-00008230ddf6,2024-12-17T10:12:06.404,983.98,22049.1,22050.9,22107.3,22011.7,305.8,22050.6,22052.4,22107.3,22011.7,305.8,22049.8,22051.6,22107.3,22011.7,305.8,-6.40,-2.50,-3.90,Take profit,0
00384627-0055-311e-0000-00008230ddf6,2024-12-17T10:13:06.622,983.98,22049.1,22050.9,22107.3,22011.7,305.8,22049.1,22050.9,22107.3,22011.7,305.8,22050.6,22052.4,22107.3,22011.7,305.8,-7.90,-3.30,-4.60,Take profit,0
00384627-0055-311e-0000-00008230ddf6,2024-12-17T10:14:07.740,983.98,22049.1,22050.9,22107.3,22011.7,305.8,22049.1,22050.9,22107.3,22011.7,305.8,22049.1,22050.9,22107.3,22011.7,305.8,-8.50,-4.20,-4.30,Take profit,0
00384627-0055-311e-0000-00008230de8a,2024-12-17T10:15:08.387,995.66,22052.8,22054.6,22107.3,22011.7,313.2,22049.1,22050.9,22107.3,22011.7,305.8,22049.1,22050.9,22107.3,22011.7,305.8,-8.90,-5.90,-3.00,OPEN,2
00384627-0055-311e-0000-00008230de8a,2024-12-17T10:15:10.455,995.66,22052.5,22054.3,22107.3,22011.7,313.2,22052.8,22054.6,22107.3,22011.7,313.2,22049.1,22050.9,22107.3,22011.7,305.8,-9.40,-6.80,-2.60,OPEN,0
00384627-0055-311e-0000-00008230de8a,2024-12-17T10:16:11.049,995.66,22057.8,22059.6,22107.3,22011.7,313.2,22052.5,22054.3,22107.3,22011.7,313.2,22052.8,22054.6,22107.3,22011.7,313.2,-9.70,-7.60,-2.10,OPEN,0
00384627-0055-311e-0000-00008230de8a,2024-12-17T10:17:11.925,995.66,22054.1,22055.9,22107.3,22011.7,313.2,22057.8,22059.6,22107.3,22011.7,313.2,22052.5,22054.3,22107.3,22011.7,313.2,-9.60,-8.30,-1.30,OPEN,0
00384627-0055-311e-0000-00008230de8a,2024-12-17T10:18:12.633,995.66,22050.1,22051.9,22107.3,22011.7,313.2,22054.1,22055.9,22107.3,22011.7,313.2,22057.8,22059.6,22107.3,22011.7,313.2,-9.10,-8.70,-0.40,OPEN,0
00384627-0055-311e-0000-00008230de8a,2024-12-17T10:19:12.597,995.66,22051.1,22052.9,22107.3,22011.7,313.2,22050.1,22051.9,22107.3,22011.7,313.2,22054.1,22055.9,22107.3,22011.7,313.2,-9.30,-9.00,-0.30,OPEN,0
00384627-0055-311e-0000-00008230de8a,2024-12-17T10:20:13.740,995.66,22051.3,22053.1,22107.3,22011.7,315.8,22051.1,22052.9,22107.3,22011.7,313.2,22050.1,22051.9,22107.3,22011.7,313.2,-9.30,-9.20,-0.10,OPEN,0
00384627-0055-311e-0000-00008230de8a,2024-12-17T10:21:14.100,995.66,22055.5,22057.3,22107.3,22011.7,315.8,22051.3,22053.1,22107.3,22011.7,315.8,22051.1,22052.9,22107.3,22011.7,313.2,-8.50,-9.20,0.70,OPEN,0
00384627-0055-311e-0000-00008230de8a,2024-12-17T10:22:15.409,995.66,22048.1,22049.9,22107.3,22011.7,315.8,22055.5,22057.3,22107.3,22011.7,315.8,22051.3,22053.1,22107.3,22011.7,315.8,-7.40,-9.00,1.60,OPEN,0
00384627-0055-311e-0000-00008230de8a,2024-12-17T10:23:15.627,995.66,22046.3,22048.1,22107.3,22011.7,315.8,22048.1,22049.9,22107.3,22011.7,315.8,22055.5,22057.3,22107.3,22011.7,315.8,-6.20,-8.70,2.50,OPEN,0
00384627-0055-311e-0000-00008230de8a,2024-12-17T10:24:15.851,995.66,22043.2,22045.0,22107.3,22011.7,315.8,22046.3,22048.1,22107.3,22011.7,315.8,22048.1,22049.9,22107.3,22011.7,315.8,-4.80,-8.20,3.40,OPEN,0
00384627-0055-311e-0000-00008230de8a,2024-12-17T10:25:17.671,995.66,22046.0,22047.8,22107.3,22011.7,312.9,22043.2,22045.0,22107.3,22011.7,315.8,22046.3,22048.1,22107.3,22011.7,315.8,-3.90,-7.60,3.70,OPEN,0
00384627-0055-311e-0000-00008230de8a,2024-12-17T10:26:18.332,995.66,22044.3,22046.1,22107.3,22011.7,312.9,22046.0,22047.8,22107.3,22011.7,312.9,22043.2,22045.0,22107.3,22011.7,315.8,-3.10,-6.80,3.70,OPEN,0
00384627-0055-311e-0000-00008230de8a,2024-12-17T10:27:18.725,995.66,22039.6,22041.4,22107.3,22011.7,312.9,22044.3,22046.1,22107.3,22011.7,312.9,22046.0,22047.8,22107.3,22011.7,312.9,-2.20,-6.10,3.90,OPEN,0
00384627-0055-311e-0000-00008230de8a,2024-12-17T10:28:19.356,995.66,22038.1,22039.9,22107.3,22011.7,312.9,22039.6,22041.4,22107.3,22011.7,312.9,22044.3,22046.1,22107.3,22011.7,312.9,-1.00,-5.20,4.20,OPEN,0
00384627-0055-311e-0000-00008230de8a,2024-12-17T10:29:20.431,995.66,22039.3,22041.1,22107.3,22011.7,312.9,22038.1,22039.9,22107.3,22011.7,312.9,22039.6,22041.4,22107.3,22011.7,312.9,0.10,-4.10,4.20,OPEN,0
00384627-0055-311e-0000-00008230de8a,2024-12-17T10:30:21.059,995.66,22046.6,22048.4,22107.3,22011.7,306.3,22039.3,22041.1,22107.3,22011.7,312.9,22038.1,22039.9,22107.3,22011.7,312.9,1.10,-3.00,4.10,OPEN,0
00384627-0055-311e-0000-00008230de8a,2024-12-17T10:31:21.561,995.66,22050.1,22051.9,22107.3,22011.7,306.3,22046.6,22048.4,22107.3,22011.7,306.3,22039.3,22041.1,22107.3,22011.7,312.9,2.10,-2.00,4.10,OPEN,0
00384627-0055-311e-0000-00008230de8a,2024-12-17T10:32:22.342,995.66,22051.8,22053.6,22107.3,22011.7,306.3,22050.1,22051.9,22107.3,22011.7,306.3,22046.6,22048.4,22107.3,22011.7,306.3,2.50,-1.00,3.50,OPEN,0
